ImageLeft_ji,ImageRight_ji,ImageCentre_ji,CorrAns,TextLeft_jwsw,TextRight_jwsw,TextCentre_jwsw,Answer,ImageLeft_wisw,ImageRight_wisw,ImageCentre_wisw,TextLeft_wisw,TextRight_wisw,TextCentre_wisw,ITI,TextLeft_jwws,TextRight_jwws,TextCentre_jwws,ImageLeft_wiws,ImageRight_wiws,ImageCentre_wiws,TextLeft_wiws,TextRight_wiws,TextCentre_wiws,ImagesDiscarded.thisRepN,ImagesDiscarded.thisTrialN,ImagesDiscarded.thisN,ImagesDiscarded.thisIndex,ji.thisRepN,ji.thisTrialN,ji.thisN,ji.thisIndex,jwsw.thisRepN,jwsw.thisTrialN,jwsw.thisN,jwsw.thisIndex,wisw.thisRepN,wisw.thisTrialN,wisw.thisN,wisw.thisIndex,jwws.thisRepN,jwws.thisTrialN,jwws.thisN,jwws.thisIndex,wiws.thisRepN,wiws.thisTrialN,wiws.thisN,wiws.thisIndex,thisRow.t,notes,Waiting_for_Scanner_Discard.started,SyncPulse_Discard.started,text_3.started,Waiting_for_Scanner_Discard.stopped,SyncPulse_Discard.keys,SyncPulse_Discard.rt,SyncPulse_Discard.duration,W4S_Baseline.started,SyncPulse_Baseline.started,fix_baseline.started,W4S_Baseline.stopped,SyncPulse_Baseline.keys,SyncPulse_Baseline.rt,SyncPulse_Baseline.duration,Baseline_Fixation.started,Baseline.started,Baseline.stopped,Baseline_Fixation.stopped,Description.started,text_2.started,Progress.started,Description.stopped,Progress.keys,Progress.rt,Progress.duration,Trial_prep.started,prep_spacebar.started,prep_points.started,text_prep.started,image_left_prep.started,image_right_prep.started,key_resp_prep.started,Trial_prep.stopped,key_resp_prep.keys,key_resp_prep.rt,key_resp_prep.duration,Fixation_Start.started,Fixation_start.started,Fixation_Start.stopped,W4S_Trial.started,SyncPulse_Trial.started,fix_Trial.started,W4S_Trial.stopped,SyncPulse_Trial.keys,SyncPulse_Trial.rt,SyncPulse_Trial.duration,just_images.started,image_left_ji.started,image_right_ji.started,image_center_ji.started,key_resp_ji.started,just_images.stopped,key_resp_ji.keys,key_resp_ji.corr,key_resp_ji.rt,key_resp_ji.duration,feedback_ji.started,image_left_ji_2.started,image_right_ji_2.started,image_center_ji_fb.started,feedback_image_2.started,feedback_ji.stopped,fixation_practice.started,text.started,text.stopped,fixation_practice.stopped,prep_jwsw.started,prep_spacebar_jwsw.started,prep_points_2.started,text_prep_2.started,text_left_sw_2.started,text_right_sw_2.started,key_resp_prep_2.started,prep_jwsw.stopped,key_resp_prep_2.keys,key_resp_prep_2.rt,key_resp_prep_2.duration,just_words_sw.started,key_resp_jwsw.started,text_left_sw.started,text_right_sw.started,text_middle_sw.started,just_words_sw.stopped,key_resp_jwsw.keys,key_resp_jwsw.corr,key_resp_jwsw.rt,key_resp_jwsw.duration,feedback_2.started,text_left_sw_3.started,text_right_sw_3.started,text_middle_sw_3.started,feedback_image2.started,feedback_2.stopped,text_left_sw_3.stopped,text_right_sw_3.stopped,text_middle_sw_3.stopped,feedback_image2.stopped,prep_wisw.started,prep_spacebar_2.started,prep_points_3.started,text_prep_3.started,image_left_sw_2.started,image_right_sw_2.started,under_image_left_2.started,under_image_right_2.started,key_resp_prep_3.started,prep_wisw.stopped,key_resp_prep_3.keys,key_resp_prep_3.rt,key_resp_prep_3.duration,words_images_sw.started,key_resp_wisw.started,image_left_sw.started,image_right_sw.started,under_image_left.started,under_image_right.started,image_stim_wisw.started,word_stim_wisw.started,words_images_sw.stopped,key_resp_wisw.keys,key_resp_wisw.corr,key_resp_wisw.rt,key_resp_wisw.duration,feedback_5.started,image_left_sw_8.started,image_right_sw_8.started,under_image_left_8.started,under_image_right_8.started,center_image_wisw_fb.started,center_word_wisw_fb.started,image_wisw_fb.started,feedback_5.stopped,ITI_Interval.started,fixation_point.started,fixation_point.stopped,ITI_Interval.stopped,image_left_sw_8.stopped,image_right_sw_8.stopped,under_image_left_8.stopped,under_image_right_8.stopped,center_image_wisw_fb.stopped,center_word_wisw_fb.stopped,image_wisw_fb.stopped,prep_jwws.started,prep_spacebar_4.started,prep_points_4.started,text_prep_4.started,text_left_ws_2.started,text_right_ws_2.started,key_resp_prep_4.started,prep_jwws.stopped,key_resp_prep_4.keys,key_resp_prep_4.rt,key_resp_prep_4.duration,just_words_ws.started,key_resp_jwws.started,text_left_ws.started,text_right_ws.started,text_middle_ws.started,just_words_ws.stopped,key_resp_jwws.keys,key_resp_jwws.corr,key_resp_jwws.rt,key_resp_jwws.duration,feedback_4.started,text_left_ws_3.started,text_right_ws_3.started,text_middle_jwws_fb.started,image_jwws_fb.started,feedback_4.stopped,text_left_ws_3.stopped,text_right_ws_3.stopped,text_middle_jwws_fb.stopped,image_jwws_fb.stopped,prep_wiws.started,prep_spacebar_3.started,prep_points_5.started,text_prep_5.started,image_left_sw_3.started,image_right_sw_3.started,under_image_left_3.started,under_image_right_3.started,key_resp_prep_5.started,prep_wiws.stopped,key_resp_prep_5.keys,key_resp_prep_5.rt,key_resp_prep_5.duration,words_images_ws.started,key_resp_wiws.started,image_left_ws.started,image_right_ws.started,under_image_left_ws.started,under_image_right_ws.started,image_center_ws.started,text_center_ws.started,words_images_ws.stopped,key_resp_wiws.keys,key_resp_wiws.corr,key_resp_wiws.rt,key_resp_wiws.duration,feedback_8.started,image_left_ws_2.started,image_right_ws_2.started,under_image_left_ws_2.started,under_image_right_ws_2.started,image_center_wiws_fb.started,text_center_wiws_feedback.started,image_wiws_fb.started,feedback_8.stopped,image_left_ws_2.stopped,image_right_ws_2.stopped,under_image_left_ws_2.stopped,under_image_right_ws_2.stopped,image_center_wiws_fb.stopped,text_center_wiws_feedback.stopped,image_wiws_fb.stopped,participant,session,date,expName,psychopyVersion,frameRate,expStart,
,,,,,,,,,,,,,,,,,,,,,,,,0,0,0,0,,,,,,,,,,,,,,,,,,,,,0.01788720000001831,,0.0018342000000757253,0.01788720000001831,0.01788720000001831,17.70293509999999,5,17.66735319999998,None,,,,,,,,,,,,,,,,,,,,,,,,,,,,,,,,,,,,,,,,,,,,,,,,,,,,,,,,,,,,,,,,,,,,,,,,,,,,,,,,,,,,,,,,,,,,,,,,,,,,,,,,,,,,,,,,,,,,,,,,,,,,,,,,,,,,,,,,,,,,,,,,,,,,,,,,,,,,,,,,,,,,,,,,,,,,,,,,,,,,,,,,,,,,,,,,,,,,,,,,,,,,,,,,,,RBDCW009_Run1,RBDCW009_Run1,2024-04-15_11h21.07.110,IAT_test,2023.2.2,59.95707073735137,2024-04-15 11h21.40.730375 -0400,
,,,,,,,,,,,,,,,,,,,,,,,,1,0,1,0,,,,,,,,,,,,,,,,,,,,,17.719164500000034,,17.7042821,17.719164500000034,17.719164500000034,19.334321000000045,5,1.613120600000002,None,,,,,,,,,,,,,,,,,,,,,,,,,,,,,,,,,,,,,,,,,,,,,,,,,,,,,,,,,,,,,,,,,,,,,,,,,,,,,,,,,,,,,,,,,,,,,,,,,,,,,,,,,,,,,,,,,,,,,,,,,,,,,,,,,,,,,,,,,,,,,,,,,,,,,,,,,,,,,,,,,,,,,,,,,,,,,,,,,,,,,,,,,,,,,,,,,,,,,,,,,,,,,,,,,,RBDCW009_Run1,RBDCW009_Run1,2024-04-15_11h21.07.110,IAT_test,2023.2.2,59.95707073735137,2024-04-15 11h21.40.730375 -0400,
,,,,,,,,,,,,,,,,,,,,,,,,2,0,2,0,,,,,,,,,,,,,,,,,,,,,19.351652700000045,,19.33482200000003,19.351652700000045,19.351652700000045,20.334619400000065,5,0.9818357999999989,None,,,,,,,,,,,,,,,,,,,,,,,,,,,,,,,,,,,,,,,,,,,,,,,,,,,,,,,,,,,,,,,,,,,,,,,,,,,,,,,,,,,,,,,,,,,,,,,,,,,,,,,,,,,,,,,,,,,,,,,,,,,,,,,,,,,,,,,,,,,,,,,,,,,,,,,,,,,,,,,,,,,,,,,,,,,,,,,,,,,,,,,,,,,,,,,,,,,,,,,,,,,,,,,,,,RBDCW009_Run1,RBDCW009_Run1,2024-04-15_11h21.07.110,IAT_test,2023.2.2,59.95707073735137,2024-04-15 11h21.40.730375 -0400,
,,,,,,,,,,,,,,,,,,,,,,,,3,0,3,0,,,,,,,,,,,,,,,,,,,,,20.352578900000026,,20.335662700000057,20.352578900000026,20.352578900000026,21.334592600000065,5,0.980234800000062,None,,,,,,,,,,,,,,,,,,,,,,,,,,,,,,,,,,,,,,,,,,,,,,,,,,,,,,,,,,,,,,,,,,,,,,,,,,,,,,,,,,,,,,,,,,,,,,,,,,,,,,,,,,,,,,,,,,,,,,,,,,,,,,,,,,,,,,,,,,,,,,,,,,,,,,,,,,,,,,,,,,,,,,,,,,,,,,,,,,,,,,,,,,,,,,,,,,,,,,,,,,,,,,,,,,RBDCW009_Run1,RBDCW009_Run1,2024-04-15_11h21.07.110,IAT_test,2023.2.2,59.95707073735137,2024-04-15 11h21.40.730375 -0400,
,,,,,,,,,,,,,,,,,,,,,,,,,,,,,,,,,,,,,,,,,,,,,,,,,,,,,,,,,21.335330699999986,21.35281710000004,21.35281710000004,22.33563240000001,5,0.9798931000000266,None,,,,,,,,,,,,,,,,,,,,,,,,,,,,,,,,,,,,,,,,,,,,,,,,,,,,,,,,,,,,,,,,,,,,,,,,,,,,,,,,,,,,,,,,,,,,,,,,,,,,,,,,,,,,,,,,,,,,,,,,,,,,,,,,,,,,,,,,,,,,,,,,,,,,,,,,,,,,,,,,,,,,,,,,,,,,,,,,,,,,,,,,,,,,,,,,,,,,,,,,,,,RBDCW009_Run1,RBDCW009_Run1,2024-04-15_11h21.07.110,IAT_test,2023.2.2,59.95707073735137,2024-04-15 11h21.40.730375 -0400,
,,,,,,,,,,,,,,,,,,,,,,,,,,,,,,,,,,,,,,,,,,,,,,,,,,,,,,,,,,,,,,,,22.335670499999992,22.351999400000068,38.352721400000064,38.33518650000008,38.3352003,38.352721400000064,38.352721400000064,48.40211840000006,1,10.03946099999996,None,,,,,,,,,,,,,,,,,,,,,,,,,,,,,,,,,,,,,,,,,,,,,,,,,,,,,,,,,,,,,,,,,,,,,,,,,,,,,,,,,,,,,,,,,,,,,,,,,,,,,,,,,,,,,,,,,,,,,,,,,,,,,,,,,,,,,,,,,,,,,,,,,,,,,,,,,,,,,,,,,,,,,,,,,,,,,,,,,,,,,,,,,,,,,,,,RBDCW009_Run1,RBDCW009_Run1,2024-04-15_11h21.07.110,IAT_test,2023.2.2,59.95707073735137,2024-04-15 11h21.40.730375 -0400,
,,,,,,,,,,,,,,,,,,,,,,,,,,,,,,,,,,,,,,,,,,,,,,,,,,,,,,,,,,,,,,,,,,,,,,,,,,,48.40215980000005,48.43581530000006,48.43581530000006,48.43581530000006,48.43581530000006,48.43581530000006,48.43581530000006,57.51791270000001,1,9.071902000000023,None,,,,,,,,,,,,,,,,,,,,,,,,,,,,,,,,,,,,,,,,,,,,,,,,,,,,,,,,,,,,,,,,,,,,,,,,,,,,,,,,,,,,,,,,,,,,,,,,,,,,,,,,,,,,,,,,,,,,,,,,,,,,,,,,,,,,,,,,,,,,,,,,,,,,,,,,,,,,,,,,,,,,,,,,,,,,,,,,,,,,,RBDCW009_Run1,RBDCW009_Run1,2024-04-15_11h21.07.110,IAT_test,2023.2.2,59.95707073735137,2024-04-15 11h21.40.730375 -0400,
cropped/af00009_fg.png,cropped/wf00009_fg.png,IAT_image/am00003_fg.png,2,,,,,,,,,,,,,,,,,,,,,,,,,0,0,0,0,,,,,,,,,,,,,,,,,60.549087400000076,,,,,,,,,,,,,,,,,,,,,,,,,,,,,,,,,,,,,,57.51793199999997,57.5345006,60.51824350000004,60.545439999999985,60.549087400000076,60.549087400000076,61.33540130000006,5,0.7832637000000204,None,61.33607200000006,61.35251000000005,61.35251000000005,61.35251000000005,61.35251000000005,64.18502030000002,1,0,2.8227755000000343,None,64.1857781,64.20650610000007,64.20650610000007,64.20650610000007,64.20650610000007,64.48498710000001,64.4850083,64.50155890000008,65.5012236,65.48486590000005,,,,,,,,,,,,,,,,,,,,,,,,,,,,,,,,,,,,,,,,,,,,,,,,,,,,,,,,,,,,,,,,,,,,,,,,,,,,,,,,,,,,,,,,,,,,,,,,,,,,,,,,,,,,,,,,,,,,,,,,,,,,,,,,,,,,,,,,,,,,,,,,,,,,,,,RBDCW009_Run1,RBDCW009_Run1,2024-04-15_11h21.07.110,IAT_test,2023.2.2,59.95707073735137,2024-04-15 11h21.40.730375 -0400,
cropped/af00009_fg.png,cropped/wf00009_fg.png,IAT_image/wf00009_fg.png,1,,,,,,,,,,,,,,,,,,,,,,,,,0,1,1,1,,,,,,,,,,,,,,,,,65.5012236,,,,,,,,,,,,,,,,,,,,,,,,,,,,,,,,,,,,,,,,,65.48519540000007,65.5012236,65.5012236,66.33542469999998,5,0.8311303000000407,None,66.33587039999998,66.35134319999997,66.35134319999997,66.35134319999997,66.35134319999997,69.26905490000001,2,0,2.9098731999999927,None,69.26967380000008,69.29008780000004,69.29008780000004,69.29008780000004,69.29008780000004,69.56872780000003,69.56875439999999,69.58535080000001,70.58532750000006,70.56888600000002,,,,,,,,,,,,,,,,,,,,,,,,,,,,,,,,,,,,,,,,,,,,,,,,,,,,,,,,,,,,,,,,,,,,,,,,,,,,,,,,,,,,,,,,,,,,,,,,,,,,,,,,,,,,,,,,,,,,,,,,,,,,,,,,,,,,,,,,,,,,,,,,,,,,,,,RBDCW009_Run1,RBDCW009_Run1,2024-04-15_11h21.07.110,IAT_test,2023.2.2,59.95707073735137,2024-04-15 11h21.40.730375 -0400,
cropped/af00009_fg.png,cropped/wf00009_fg.png,IAT_image/am00008_fg.png,2,,,,,,,,,,,,,,,,,,,,,,,,,0,2,2,2,,,,,,,,,,,,,,,,,70.58532750000006,,,,,,,,,,,,,,,,,,,,,,,,,,,,,,,,,,,,,,,,,70.56935269999997,70.58532750000006,70.58532750000006,71.33502069999997,5,0.7478558999999905,None,71.3354253,71.35104250000006,71.35104250000006,71.35104250000006,71.35104250000006,73.73509660000002,2,1,2.369398100000012,None,73.73560220000002,73.7559086,73.7559086,73.7559086,73.7559086,74.01833959999999,74.01836200000002,74.03486080000005,75.03484149999997,75.01840240000001,,,,,,,,,,,,,,,,,,,,,,,,,,,,,,,,,,,,,,,,,,,,,,,,,,,,,,,,,,,,,,,,,,,,,,,,,,,,,,,,,,,,,,,,,,,,,,,,,,,,,,,,,,,,,,,,,,,,,,,,,,,,,,,,,,,,,,,,,,,,,,,,,,,,,,,RBDCW009_Run1,RBDCW009_Run1,2024-04-15_11h21.07.110,IAT_test,2023.2.2,59.95707073735137,2024-04-15 11h21.40.730375 -0400,
cropped/af00009_fg.png,cropped/wf00009_fg.png,IAT_image/wf00006_fg.png,1,,,,,,,,,,,,,,,,,,,,,,,,,0,3,3,3,,,,,,,,,,,,,,,,,75.03484149999997,,,,,,,,,,,,,,,,,,,,,,,,,,,,,,,,,,,,,,,,,75.01877350000007,75.03484149999997,75.03484149999997,75.33514780000007,5,0.29755310000007285,None,75.33553040000004,75.35132220000003,75.35132220000003,75.35132220000003,75.35132220000003,76.60199360000001,1,1,1.2402105999999549,None,76.6025161,76.62121509999997,76.62121509999997,76.62121509999997,76.62121509999997,76.9014674,76.90148929999998,76.91820070000006,,77.90195510000001,,,,,,,,,,,,,,,,,,,,,,,,,,,,,,,,,,,,,,,,,,,,,,,,,,,,,,,,,,,,,,,,,,,,,,,,,,,,,,,,,,,,,,,,,,,,,,,,,,,,,,,,,,,,,,,,,,,,,,,,,,,,,,,,,,,,,,,,,,,,,,,,,,,,,,,RBDCW009_Run1,RBDCW009_Run1,2024-04-15_11h21.07.110,IAT_test,2023.2.2,59.95707073735137,2024-04-15 11h21.40.730375 -0400,
cropped/af00009_fg.png,cropped/wf00009_fg.png,IAT_image/af00001_fg.png,2,,,,,,,,,,,,,,,,,,,,,,,,,0,4,4,4,,,,,,,,,,,,,,,,,77.91853620000006,,,,,,,,,,,,,,,,,,,,,,,,,,,,,,,,,,,,,,,,,77.90241709999998,77.91853620000006,77.91853620000006,78.70230470000001,5,0.7798764000000347,None,78.7028755,78.72016689999998,78.72016689999998,78.72016689999998,78.72016689999998,81.60216639999999,1,0,2.8799715000000106,None,81.602844,81.62457589999997,81.62457589999997,81.62457589999997,81.62457589999997,81.90154280000002,81.9015647,81.91801270000008,82.9181314,82.90149120000001,,,,,,,,,,,,,,,,,,,,,,,,,,,,,,,,,,,,,,,,,,,,,,,,,,,,,,,,,,,,,,,,,,,,,,,,,,,,,,,,,,,,,,,,,,,,,,,,,,,,,,,,,,,,,,,,,,,,,,,,,,,,,,,,,,,,,,,,,,,,,,,,,,,,,,,RBDCW009_Run1,RBDCW009_Run1,2024-04-15_11h21.07.110,IAT_test,2023.2.2,59.95707073735137,2024-04-15 11h21.40.730375 -0400,
cropped/af00009_fg.png,cropped/wf00009_fg.png,IAT_image/af00009_fg.png,2,,,,,,,,,,,,,,,,,,,,,,,,,0,5,5,5,,,,,,,,,,,,,,,,,82.9181314,,,,,,,,,,,,,,,,,,,,,,,,,,,,,,,,,,,,,,,,,82.90185170000007,82.9181314,82.9181314,83.33508289999997,5,0.4152917000000116,None,83.33545590000006,83.35089890000006,83.35089890000006,83.35089890000006,83.35089890000006,86.40179910000006,2,1,3.049207600000045,None,86.4023254,86.42061760000001,86.42061760000001,86.42061760000001,86.42061760000001,86.68494829999997,86.68497060000004,86.70175519999998,87.70106480000004,87.68493350000006,,,,,,,,,,,,,,,,,,,,,,,,,,,,,,,,,,,,,,,,,,,,,,,,,,,,,,,,,,,,,,,,,,,,,,,,,,,,,,,,,,,,,,,,,,,,,,,,,,,,,,,,,,,,,,,,,,,,,,,,,,,,,,,,,,,,,,,,,,,,,,,,,,,,,,,RBDCW009_Run1,RBDCW009_Run1,2024-04-15_11h21.07.110,IAT_test,2023.2.2,59.95707073735137,2024-04-15 11h21.40.730375 -0400,
cropped/af00009_fg.png,cropped/wf00009_fg.png,IAT_image/wm00012_fg.png,1,,,,,,,,,,,,,,,,,,,,,,,,,0,6,6,6,,,,,,,,,,,,,,,,,87.70106480000004,,,,,,,,,,,,,,,,,,,,,,,,,,,,,,,,,,,,,,,,,87.68529080000008,87.70106480000004,87.70106480000004,88.33521989999997,5,0.6310956000000942,None,88.33565020000003,88.3519516,88.3519516,88.3519516,88.3519516,92.60177640000006,1,1,4.249113699999953,None,92.60228440000003,92.62018209999997,92.62018209999997,92.62018209999997,92.62018209999997,92.88484460000006,92.88486369999998,92.90124350000008,,93.88560059999998,,,,,,,,,,,,,,,,,,,,,,,,,,,,,,,,,,,,,,,,,,,,,,,,,,,,,,,,,,,,,,,,,,,,,,,,,,,,,,,,,,,,,,,,,,,,,,,,,,,,,,,,,,,,,,,,,,,,,,,,,,,,,,,,,,,,,,,,,,,,,,,,,,,,,,,RBDCW009_Run1,RBDCW009_Run1,2024-04-15_11h21.07.110,IAT_test,2023.2.2,59.95707073735137,2024-04-15 11h21.40.730375 -0400,
cropped/af00009_fg.png,cropped/wf00009_fg.png,IAT_image/am00011_fg.png,2,,,,,,,,,,,,,,,,,,,,,,,,,0,7,7,7,,,,,,,,,,,,,,,,,93.9019336,,,,,,,,,,,,,,,,,,,,,,,,,,,,,,,,,,,,,,,,,93.88620509999998,93.9019336,93.9019336,94.33445719999997,5,0.4313341000000719,None,94.33467819999998,94.35065310000005,94.35065310000005,94.35065310000005,94.35065310000005,98.23529919999999,2,1,3.8756930000000693,None,98.23582959999999,98.2534273,98.2534273,98.2534273,98.2534273,98.53481999999997,98.53484100000003,98.55121250000002,,99.53511739999999,,,,,,,,,,,,,,,,,,,,,,,,,,,,,,,,,,,,,,,,,,,,,,,,,,,,,,,,,,,,,,,,,,,,,,,,,,,,,,,,,,,,,,,,,,,,,,,,,,,,,,,,,,,,,,,,,,,,,,,,,,,,,,,,,,,,,,,,,,,,,,,,,,,,,,,RBDCW009_Run1,RBDCW009_Run1,2024-04-15_11h21.07.110,IAT_test,2023.2.2,59.95707073735137,2024-04-15 11h21.40.730375 -0400,
cropped/af00009_fg.png,cropped/wf00009_fg.png,IAT_image/wm00001_fg.png,1,,,,,,,,,,,,,,,,,,,,,,,,,0,8,8,8,,,,,,,,,,,,,,,,,99.5516973,,,,,,,,,,,,,,,,,,,,,,,,,,,,,,,,,,,,,,,,,99.53571360000001,99.5516973,99.5516973,100.33511740000006,5,0.7809419000000162,None,100.33563179999999,100.35186899999997,100.35186899999997,100.35186899999997,100.35186899999997,102.83522349999998,1,1,2.4691852999999355,None,102.83575389999999,102.85319040000002,102.85319040000002,102.85319040000002,102.85319040000002,103.13475210000001,103.13477139999998,103.1512219,104.15117770000006,104.13468369999998,,,,,,,,,,,,,,,,,,,,,,,,,,,,,,,,,,,,,,,,,,,,,,,,,,,,,,,,,,,,,,,,,,,,,,,,,,,,,,,,,,,,,,,,,,,,,,,,,,,,,,,,,,,,,,,,,,,,,,,,,,,,,,,,,,,,,,,,,,,,,,,,,,,,,,,RBDCW009_Run1,RBDCW009_Run1,2024-04-15_11h21.07.110,IAT_test,2023.2.2,59.95707073735137,2024-04-15 11h21.40.730375 -0400,
cropped/af00009_fg.png,cropped/wf00009_fg.png,IAT_image/af00002_fg.png,2,,,,,,,,,,,,,,,,,,,,,,,,,0,9,9,9,,,,,,,,,,,,,,,,,104.15117770000006,,,,,,,,,,,,,,,,,,,,,,,,,,,,,,,,,,,,,,,,,104.13500290000002,104.15117770000006,104.15117770000006,104.33476489999998,5,0.18189109999991615,None,104.33514170000001,104.3512584,104.3512584,104.3512584,104.3512584,106.5182585,1,0,2.165913699999919,None,106.51878490000001,106.53842510000004,106.53842510000004,106.53842510000004,106.53842510000004,106.80172870000001,106.80175240000005,106.81809810000004,107.81765089999999,107.8010918,,,,,,,,,,,,,,,,,,,,,,,,,,,,,,,,,,,,,,,,,,,,,,,,,,,,,,,,,,,,,,,,,,,,,,,,,,,,,,,,,,,,,,,,,,,,,,,,,,,,,,,,,,,,,,,,,,,,,,,,,,,,,,,,,,,,,,,,,,,,,,,,,,,,,,,RBDCW009_Run1,RBDCW009_Run1,2024-04-15_11h21.07.110,IAT_test,2023.2.2,59.95707073735137,2024-04-15 11h21.40.730375 -0400,
cropped/af00009_fg.png,cropped/wf00009_fg.png,IAT_image/wf00004_fg.png,1,,,,,,,,,,,,,,,,,,,,,,,,,0,10,10,10,,,,,,,,,,,,,,,,,107.81765089999999,,,,,,,,,,,,,,,,,,,,,,,,,,,,,,,,,,,,,,,,,107.80141349999997,107.81765089999999,107.81765089999999,108.334698,5,0.5154175999999779,None,108.3350709,108.35123429999999,108.35123429999999,108.35123429999999,108.35123429999999,111.98517800000002,2,0,3.6328318000000763,None,111.98580830000003,112.00644290000002,112.00644290000002,112.00644290000002,112.00644290000002,112.28479870000001,112.28481959999999,112.30127000000005,113.30119639999998,113.28453690000003,,,,,,,,,,,,,,,,,,,,,,,,,,,,,,,,,,,,,,,,,,,,,,,,,,,,,,,,,,,,,,,,,,,,,,,,,,,,,,,,,,,,,,,,,,,,,,,,,,,,,,,,,,,,,,,,,,,,,,,,,,,,,,,,,,,,,,,,,,,,,,,,,,,,,,,RBDCW009_Run1,RBDCW009_Run1,2024-04-15_11h21.07.110,IAT_test,2023.2.2,59.95707073735137,2024-04-15 11h21.40.730375 -0400,
cropped/af00009_fg.png,cropped/wf00009_fg.png,IAT_image/wm00003_fg.png,1,,,,,,,,,,,,,,,,,,,,,,,,,0,11,11,11,,,,,,,,,,,,,,,,,113.30119639999998,,,,,,,,,,,,,,,,,,,,,,,,,,,,,,,,,,,,,,,,,113.28488040000002,113.30119639999998,113.30119639999998,113.33457570000007,5,0.03164729999991778,None,113.33493229999999,113.35073910000006,113.35073910000006,113.35073910000006,113.35073910000006,115.26897050000002,2,0,1.9155694999999469,None,115.26973980000002,115.29153059999999,115.29153059999999,115.29153059999999,115.29153059999999,115.56846949999999,115.56849599999998,115.58488310000007,116.59276580000005,116.56816709999998,,,,,,,,,,,,,,,,,,,,,,,,,,,,,,,,,,,,,,,,,,,,,,,,,,,,,,,,,,,,,,,,,,,,,,,,,,,,,,,,,,,,,,,,,,,,,,,,,,,,,,,,,,,,,,,,,,,,,,,,,,,,,,,,,,,,,,,,,,,,,,,,,,,,,,,RBDCW009_Run1,RBDCW009_Run1,2024-04-15_11h21.07.110,IAT_test,2023.2.2,59.95707073735137,2024-04-15 11h21.40.730375 -0400,
,,,,,,,,,,,,,,,,,,,,,,,,,,,,,,,,,,,,,,,,,,,,,,,,,,,,,,,,,,,,,,,,,,,,,,,,,,,,,,,,,,,,,,,,,,,,,,,,,,,,,,,,,,,,,,,,,,,,116.56824860000006,116.59276580000005,116.59276580000005,116.59276580000005,116.59276580000005,116.59276580000005,116.59276580000005,119.45029620000003,2,2.844254699999965,None,,,,,,,,,,,,,,,,,,,,,,,,,,,,,,,,,,,,,,,,,,,,,,,,,,,,,,,,,,,,,,,,,,,,,,,,,,,,,,,,,,,,,,,,,,,,,,,,,,,,,,,,,,,,,,,,,,,,,,,,,,,,,,,,,,,,,,,,,,,,RBDCW009_Run1,RBDCW009_Run1,2024-04-15_11h21.07.110,IAT_test,2023.2.2,59.95707073735137,2024-04-15 11h21.40.730375 -0400,
,,,2,Strong,Weak,Brawny,left,,,,,,,,,,,,,,,,,,,,,,,,,0,0,0,0,,,,,,,,,,,,,119.46686750000003,,,,,,,,,,,,,,,,,,,,,,,,,,,,,,,,,,,,,,,,,119.464833,119.46686750000003,119.46686750000003,120.3350577,5,0.8663047000000006,None,,,,,,,,,,,,,,,,,124.33429339999998,124.35080760000005,,125.33452210000007,,,,,,,,,,,,120.33572449999997,120.35037090000003,120.35037090000003,120.35037090000003,120.35037090000003,124.0344632,1,0,3.682084799999984,None,124.03514640000003,124.05309160000002,124.05309160000002,124.05309160000002,124.05309160000002,124.33427690000008,,,,,,,,,,,,,,,,,,,,,,,,,,,,,,,,,,,,,,,,,,,,,,,,,,,,,,,,,,,,,,,,,,,,,,,,,,,,,,,,,,,,,,,,,,,,,,,,,,,,,,,,,,,,,,,,,,,,,,,,,,,,RBDCW009_Run1,RBDCW009_Run1,2024-04-15_11h21.07.110,IAT_test,2023.2.2,59.95707073735137,2024-04-15 11h21.40.730375 -0400,
,,,1,Strong,Weak,Soft,right,,,,,,,,,,,,,,,,,,,,,,,,,0,1,1,1,,,,,,,,,,,,,125.35124719999999,,,,,,,,,,,,,,,,,,,,,,,,,,,,,,,,,,,,,,,,,125.3348919,125.35124719999999,125.35124719999999,126.33469909999997,5,0.9812680999999657,None,,,,,,,,,,,,,,,,,130.4343745,130.45082050000008,,131.43444320000003,,,,,,,,,,,,126.33512910000002,126.35137529999997,126.35137529999997,126.35137529999997,126.35137529999997,130.15093660000002,1,1,3.7866275000000087,None,130.15130299999998,130.16649270000005,130.16649270000005,130.16649270000005,130.16649270000005,130.43435740000007,,,,,,,,,,,,,,,,,,,,,,,,,,,,,,,,,,,,,,,,,,,,,,,,,,,,,,,,,,,,,,,,,,,,,,,,,,,,,,,,,,,,,,,,,,,,,,,,,,,,,,,,,,,,,,,,,,,,,,,,,,,,RBDCW009_Run1,RBDCW009_Run1,2024-04-15_11h21.07.110,IAT_test,2023.2.2,59.95707073735137,2024-04-15 11h21.40.730375 -0400,
,,,1,Strong,Weak,Puny,right,,,,,,,,,,,,,,,,,,,,,,,,,0,2,2,2,,,,,,,,,,,,,131.4510656,,,,,,,,,,,,,,,,,,,,,,,,,,,,,,,,,,,,,,,,,131.43479460000003,131.4510656,131.4510656,132.33479950000003,5,0.8820759999999837,None,,,,,,,,,,,,,,,,,137.55100330000005,137.567495,,138.55105349999997,,,,,,,,,,,,132.33518779999997,132.35116060000007,132.35116060000007,132.35116060000007,132.35116060000007,137.26687690000006,1,1,4.911300100000062,None,137.26727830000004,137.28410580000002,137.28410580000002,137.28410580000002,137.28410580000002,137.55098529999998,,,,,,,,,,,,,,,,,,,,,,,,,,,,,,,,,,,,,,,,,,,,,,,,,,,,,,,,,,,,,,,,,,,,,,,,,,,,,,,,,,,,,,,,,,,,,,,,,,,,,,,,,,,,,,,,,,,,,,,,,,,,RBDCW009_Run1,RBDCW009_Run1,2024-04-15_11h21.07.110,IAT_test,2023.2.2,59.95707073735137,2024-04-15 11h21.40.730375 -0400,
,,,2,Strong,Weak,Athletic,left,,,,,,,,,,,,,,,,,,,,,,,,,0,3,3,3,,,,,,,,,,,,,138.56736250000006,,,,,,,,,,,,,,,,,,,,,,,,,,,,,,,,,,,,,,,,,138.55138880000004,138.56736250000006,138.56736250000006,139.33443060000002,5,0.765698200000088,None,,,,,,,,,,,,,,,,,142.43424470000002,142.45074769999997,,143.43438090000006,,,,,,,,,,,,139.33480199999997,139.35088770000004,139.35088770000004,139.35088770000004,139.35088770000004,142.13437320000003,2,1,2.7661920000000464,None,142.1347399,142.15080269999999,142.15080269999999,142.15080269999999,142.15080269999999,142.4342302,142.45074769999997,142.45074769999997,142.45074769999997,142.45074769999997,,,,,,,,,,,,,,,,,,,,,,,,,,,,,,,,,,,,,,,,,,,,,,,,,,,,,,,,,,,,,,,,,,,,,,,,,,,,,,,,,,,,,,,,,,,,,,,,,,,,,,,,,,,,,,,,,,,,,,,,RBDCW009_Run1,RBDCW009_Run1,2024-04-15_11h21.07.110,IAT_test,2023.2.2,59.95707073735137,2024-04-15 11h21.40.730375 -0400,
,,,2,Strong,Weak,Powerful,left,,,,,,,,,,,,,,,,,,,,,,,,,0,4,4,4,,,,,,,,,,,,,143.45089900000005,,,,,,,,,,,,,,,,,,,,,,,,,,,,,,,,,,,,,,,,,143.43473590000008,143.45089900000005,143.45089900000005,144.33474250000006,5,0.882201900000041,None,,,,,,,,,,,,,,,,,146.53419670000005,146.5507556,,147.53433789999997,,,,,,,,,,,,144.3351361,144.35112990000005,144.35112990000005,144.35112990000005,144.35112990000005,146.2510542,2,1,1.883928200000014,None,146.25141989999997,146.26629130000003,146.26629130000003,146.26629130000003,146.26629130000003,146.53418069999998,,,,,,,,,,,,,,,,,,,,,,,,,,,,,,,,,,,,,,,,,,,,,,,,,,,,,,,,,,,,,,,,,,,,,,,,,,,,,,,,,,,,,,,,,,,,,,,,,,,,,,,,,,,,,,,,,,,,,,,,,,,,RBDCW009_Run1,RBDCW009_Run1,2024-04-15_11h21.07.110,IAT_test,2023.2.2,59.95707073735137,2024-04-15 11h21.40.730375 -0400,
,,,2,Strong,Weak,Burly,left,,,,,,,,,,,,,,,,,,,,,,,,,0,5,5,5,,,,,,,,,,,,,147.5509356,,,,,,,,,,,,,,,,,,,,,,,,,,,,,,,,,,,,,,,,,147.53469100000007,147.5509356,147.5509356,148.76786979999997,5,1.2124685,None,,,,,,,,,,,,,,,,,154.06755110000006,154.08402150000006,155.08407569999997,155.06762600000002,,,,,,,,,,,,148.76827120000007,148.78447920000008,148.78447920000008,148.78447920000008,148.78447920000008,153.76769439999998,2,1,4.981747000000041,None,153.76807329999997,153.7839619,153.7839619,153.7839619,153.7839619,154.06753550000008,154.08402150000006,154.08402150000006,154.08402150000006,154.08402150000006,,,,,,,,,,,,,,,,,,,,,,,,,,,,,,,,,,,,,,,,,,,,,,,,,,,,,,,,,,,,,,,,,,,,,,,,,,,,,,,,,,,,,,,,,,,,,,,,,,,,,,,,,,,,,,,,,,,,,,,,RBDCW009_Run1,RBDCW009_Run1,2024-04-15_11h21.07.110,IAT_test,2023.2.2,59.95707073735137,2024-04-15 11h21.40.730375 -0400,
,,,2,Strong,Weak,Muscly,left,,,,,,,,,,,,,,,,,,,,,,,,,0,6,6,6,,,,,,,,,,,,,155.08407569999997,,,,,,,,,,,,,,,,,,,,,,,,,,,,,,,,,,,,,,,,,155.0680089,155.08407569999997,155.08407569999997,158.3351993,5,3.249490299999934,None,,,,,,,,,,,,,,,,,162.70068609999998,162.71729000000005,,163.7008412,,,,,,,,,,,,158.33569710000006,158.36782430000005,158.36782430000005,158.36782430000005,158.36782430000005,162.41687580000007,1,0,4.034213900000054,None,162.41736709999998,162.43397230000005,162.43397230000005,162.43397230000005,162.43397230000005,162.70067059999997,,,,,,,,,,,,,,,,,,,,,,,,,,,,,,,,,,,,,,,,,,,,,,,,,,,,,,,,,,,,,,,,,,,,,,,,,,,,,,,,,,,,,,,,,,,,,,,,,,,,,,,,,,,,,,,,,,,,,,,,,,,,RBDCW009_Run1,RBDCW009_Run1,2024-04-15_11h21.07.110,IAT_test,2023.2.2,59.95707073735137,2024-04-15 11h21.40.730375 -0400,
,,,1,Strong,Weak,Fragile,right,,,,,,,,,,,,,,,,,,,,,,,,,0,7,7,7,,,,,,,,,,,,,163.71746530000007,,,,,,,,,,,,,,,,,,,,,,,,,,,,,,,,,,,,,,,,,163.7012181,163.71746530000007,163.71746530000007,164.33503800000005,5,0.6156314999999495,None,,,,,,,,,,,,,,,,,166.63431790000004,166.65047130000005,,167.63452389999998,,,,,,,,,,,,164.3355424,164.35080800000003,164.35080800000003,164.35080800000003,164.35080800000003,166.3339694,1,1,1.9696649999999636,None,166.33433430000002,166.35036379999997,166.35036379999997,166.35036379999997,166.35036379999997,166.63430040000003,166.65047130000005,166.65047130000005,166.65047130000005,166.65047130000005,,,,,,,,,,,,,,,,,,,,,,,,,,,,,,,,,,,,,,,,,,,,,,,,,,,,,,,,,,,,,,,,,,,,,,,,,,,,,,,,,,,,,,,,,,,,,,,,,,,,,,,,,,,,,,,,,,,,,,,,RBDCW009_Run1,RBDCW009_Run1,2024-04-15_11h21.07.110,IAT_test,2023.2.2,59.95707073735137,2024-04-15 11h21.40.730375 -0400,
,,,1,Strong,Weak,Skinny,right,,,,,,,,,,,,,,,,,,,,,,,,,0,8,8,8,,,,,,,,,,,,,167.65112929999998,,,,,,,,,,,,,,,,,,,,,,,,,,,,,,,,,,,,,,,,,167.6349758,167.65112929999998,167.65112929999998,168.33453350000002,5,0.6819777000000613,None,,,,,,,,,,,,,,,,,170.35068190000004,170.36708840000006,,171.35097200000007,,,,,,,,,,,,168.33498759999998,168.3509054,168.3509054,168.3509054,168.3509054,170.05131530000006,1,1,1.690240499999959,None,170.05183180000006,170.06601209999997,170.06601209999997,170.06601209999997,170.06601209999997,170.35066770000003,170.36708840000006,170.36708840000006,170.36708840000006,170.36708840000006,,,,,,,,,,,,,,,,,,,,,,,,,,,,,,,,,,,,,,,,,,,,,,,,,,,,,,,,,,,,,,,,,,,,,,,,,,,,,,,,,,,,,,,,,,,,,,,,,,,,,,,,,,,,,,,,,,,,,,,,RBDCW009_Run1,RBDCW009_Run1,2024-04-15_11h21.07.110,IAT_test,2023.2.2,59.95707073735137,2024-04-15 11h21.40.730375 -0400,
,,,1,Strong,Weak,Delicate,right,,,,,,,,,,,,,,,,,,,,,,,,,0,9,9,9,,,,,,,,,,,,,171.36751170000002,,,,,,,,,,,,,,,,,,,,,,,,,,,,,,,,,,,,,,,,,171.35135150000008,171.36751170000002,171.36751170000002,172.33471480000003,5,0.9655947999999626,None,,,,,,,,,,,,,,,,,174.88378280000006,174.9004347,,175.88483970000004,,,,,,,,,,,,172.3352307,172.35069269999997,172.35069269999997,172.35069269999997,172.35069269999997,174.60089490000007,1,1,2.2353544000000056,None,174.60126230000003,174.6163487,174.6163487,174.6163487,174.6163487,174.88376690000007,,,,,,,,,,,,,,,,,,,,,,,,,,,,,,,,,,,,,,,,,,,,,,,,,,,,,,,,,,,,,,,,,,,,,,,,,,,,,,,,,,,,,,,,,,,,,,,,,,,,,,,,,,,,,,,,,,,,,,,,,,,,RBDCW009_Run1,RBDCW009_Run1,2024-04-15_11h21.07.110,IAT_test,2023.2.2,59.95707073735137,2024-04-15 11h21.40.730375 -0400,
,,,1,Strong,Weak,Sedentary,right,,,,,,,,,,,,,,,,,,,,,,,,,0,10,10,10,,,,,,,,,,,,,175.90134039999998,,,,,,,,,,,,,,,,,,,,,,,,,,,,,,,,,,,,,,,,,175.88536390000002,175.90134039999998,175.90134039999998,176.33511680000004,5,0.4317912999999862,None,,,,,,,,,,,,,,,,,179.48427600000002,179.50074930000005,180.50079970000002,180.4843459,,,,,,,,,,,,176.33564060000003,176.35076279999998,176.35076279999998,176.35076279999998,176.35076279999998,179.18426469999997,1,1,2.817300199999977,None,179.18463040000006,179.20038420000003,179.20038420000003,179.20038420000003,179.20038420000003,179.48425770000006,179.50074930000005,179.50074930000005,179.50074930000005,179.50074930000005,,,,,,,,,,,,,,,,,,,,,,,,,,,,,,,,,,,,,,,,,,,,,,,,,,,,,,,,,,,,,,,,,,,,,,,,,,,,,,,,,,,,,,,,,,,,,,,,,,,,,,,,,,,,,,,,,,,,,,,,RBDCW009_Run1,RBDCW009_Run1,2024-04-15_11h21.07.110,IAT_test,2023.2.2,59.95707073735137,2024-04-15 11h21.40.730375 -0400,
,,,2,Strong,Weak,Solid,left,,,,,,,,,,,,,,,,,,,,,,,,,0,11,11,11,,,,,,,,,,,,,180.50079970000002,,,,,,,,,,,,,,,,,,,,,,,,,,,,,,,,,,,,,,,,,180.48471970000003,180.50079970000002,180.50079970000002,181.3341977,5,0.8322815000000219,None,,,,,,,,,,,,,,,,,188.8336266,188.8503627,189.85004379999998,189.8334244,,,,,,,,,,,,181.3345703,181.3508236,181.3508236,181.3508236,181.3508236,188.5340724,2,1,7.181284800000071,None,188.53451840000002,188.55035700000008,188.55035700000008,188.55035700000008,188.55035700000008,188.83361190000005,188.8503627,188.8503627,188.8503627,188.8503627,,,,,,,,,,,,,,,,,,,,,,,,,,,,,,,,,,,,,,,,,,,,,,,,,,,,,,,,,,,,,,,,,,,,,,,,,,,,,,,,,,,,,,,,,,,,,,,,,,,,,,,,,,,,,,,,,,,,,,,,RBDCW009_Run1,RBDCW009_Run1,2024-04-15_11h21.07.110,IAT_test,2023.2.2,59.95707073735137,2024-04-15 11h21.40.730375 -0400,
,,,1,Strong,Weak,Feeble,right,,,,,,,,,,,,,,,,,,,,,,,,,0,12,12,12,,,,,,,,,,,,,189.85004379999998,,,,,,,,,,,,,,,,,,,,,,,,,,,,,,,,,,,,,,,,,189.83374620000006,189.85004379999998,189.85004379999998,190.33454419999998,5,0.4831162000000404,None,,,,,,,,,,,,,,,,,192.83373059999997,192.8503693,,193.83426229999998,,,,,,,,,,,,190.3349667,190.34999190000008,190.34999190000008,190.34999190000008,190.34999190000008,192.55066110000007,1,1,2.189329599999951,None,192.55103029999998,192.56627490000005,192.56627490000005,192.56627490000005,192.56627490000005,192.83371310000007,,,,,,,,,,,,,,,,,,,,,,,,,,,,,,,,,,,,,,,,,,,,,,,,,,,,,,,,,,,,,,,,,,,,,,,,,,,,,,,,,,,,,,,,,,,,,,,,,,,,,,,,,,,,,,,,,,,,,,,,,,,,RBDCW009_Run1,RBDCW009_Run1,2024-04-15_11h21.07.110,IAT_test,2023.2.2,59.95707073735137,2024-04-15 11h21.40.730375 -0400,
,,,2,Strong,Weak,Strength,left,,,,,,,,,,,,,,,,,,,,,,,,,0,13,13,13,,,,,,,,,,,,,193.85069380000004,,,,,,,,,,,,,,,,,,,,,,,,,,,,,,,,,,,,,,,,,193.8346735,193.85069380000004,193.85069380000004,194.33421929999997,5,0.4823738999999705,None,,,,,,,,,,,,,,,,,196.2337331,196.25023380000005,,197.2340881,,,,,,,,,,,,194.33462550000002,194.35061540000004,194.35061540000004,194.35061540000004,194.35061540000004,195.93398100000002,2,1,1.5797996000000012,None,195.93433070000003,195.9503505,195.9503505,195.9503505,195.9503505,196.23372070000005,196.25023380000005,196.25023380000005,196.25023380000005,196.25023380000005,,,,,,,,,,,,,,,,,,,,,,,,,,,,,,,,,,,,,,,,,,,,,,,,,,,,,,,,,,,,,,,,,,,,,,,,,,,,,,,,,,,,,,,,,,,,,,,,,,,,,,,,,,,,,,,,,,,,,,,,RBDCW009_Run1,RBDCW009_Run1,2024-04-15_11h21.07.110,IAT_test,2023.2.2,59.95707073735137,2024-04-15 11h21.40.730375 -0400,
,,,1,Strong,Weak,Frail,right,,,,,,,,,,,,,,,,,,,,,,,,,0,14,14,14,,,,,,,,,,,,,197.25066800000002,,,,,,,,,,,,,,,,,,,,,,,,,,,,,,,,,,,,,,,,,197.23445300000003,197.25066800000002,197.25066800000002,197.3342748,5,0.08249230000001262,None,,,,,,,,,,,,,,,,,203.65027859999998,203.66667470000004,,204.65040499999998,,,,,,,,,,,,197.33463140000003,197.35060520000002,197.35060520000002,197.35060520000002,197.35060520000002,203.36639830000001,1,1,6.006631500000026,None,203.36676410000007,203.38336130000005,203.38336130000005,203.38336130000005,203.38336130000005,203.65026210000008,,,,,,,,,,,,,,,,,,,,,,,,,,,,,,,,,,,,,,,,,,,,,,,,,,,,,,,,,,,,,,,,,,,,,,,,,,,,,,,,,,,,,,,,,,,,,,,,,,,,,,,,,,,,,,,,,,,,,,,,,,,,RBDCW009_Run1,RBDCW009_Run1,2024-04-15_11h21.07.110,IAT_test,2023.2.2,59.95707073735137,2024-04-15 11h21.40.730375 -0400,
,,,2,Strong,Weak,Tough,left,,,,,,,,,,,,,,,,,,,,,,,,,0,15,15,15,,,,,,,,,,,,,204.6671291,,,,,,,,,,,,,,,,,,,,,,,,,,,,,,,,,,,,,,,,,204.65073740000003,204.6671291,204.6671291,205.33410879999997,5,0.6659879999999703,None,,,,,,,,,,,,,,,,,207.48381930000005,207.50009150000005,,208.4839561,,,,,,,,,,,,205.3344823,205.35061430000007,205.35061430000007,205.35061430000007,205.35061430000007,207.18375320000007,2,1,1.8196878999999626,None,207.18413080000005,207.200201,207.200201,207.200201,207.200201,207.48380380000003,207.50009150000005,207.50009150000005,207.50009150000005,207.50009150000005,,,,,,,,,,,,,,,,,,,,,,,,,,,,,,,,,,,,,,,,,,,,,,,,,,,,,,,,,,,,,,,,,,,,,,,,,,,,,,,,,,,,,,,,,,,,,,,,,,,,,,,,,,,,,,,,,,,,,,,,RBDCW009_Run1,RBDCW009_Run1,2024-04-15_11h21.07.110,IAT_test,2023.2.2,59.95707073735137,2024-04-15 11h21.40.730375 -0400,
,,,,,,,,,,,,,,,,,,,,,,,,,,,,,,,,,,,,,,,,,,,,,,,,,,,,,,,,,,,,,,,,,,,,,,,,,,,,,,,,,,,,,,,,,,,,,,,,,,,,,,,,,,,,,,,,,,,,,,,,,,,,,,,,,,,,,,,,,,,,,,,,,,,208.48402410000006,208.5129733,208.5129733,208.5129733,208.5129733,208.5129733,208.5129733,208.5129733,208.5129733,212.03360050000003,2,3.5193899999999303,None,,,,,,,,,,,,,,,,,,,,,,,,,,,,,,,,,,,,,,,,,,,,,,,,,,,,,,,,,,,,,,,,,,,,,,,,,,,,,,,,,,,,,,,,,,,,,,,,,,,,,,,,,,,RBDCW009_Run1,RBDCW009_Run1,2024-04-15_11h21.07.110,IAT_test,2023.2.2,59.95707073735137,2024-04-15 11h21.40.730375 -0400,
,,,2,,,,left,af00009_fg.png,wf00009_fg.png,IAT_image/blank.png,Strong,Weak,Powerful,7.7,,,,,,,,,,,,,,,,,,,,,,0,0,0,0,,,,,,,,,212.0526393,,,,,,,,,,,,,,,,,,,,,,,,,,,,,,,,,,,,,,,,,212.05035280000004,212.0526393,212.0526393,212.33423530000005,5,0.2804734000000053,None,,,,,,,,,,,,,,,,,,,,,,,,,,,,,,,,,,,,,,,,,,,,,,,,,,,,,,,,,,,,,,,,,212.33491019999997,212.36941939999997,212.36941939999997,212.36941939999997,212.36941939999997,212.36941939999997,212.36941939999997,212.36941939999997,214.90035850000004,2,1,2.5196992999999566,None,214.9008318,214.9297527,214.9297527,214.9297527,214.9297527,214.9297527,214.9297527,214.9297527,215.20026389999998,215.20027900000002,215.2166158,222.91696969999998,222.90077740000004,,,,,,,,,,,,,,,,,,,,,,,,,,,,,,,,,,,,,,,,,,,,,,,,,,,,,,,,,,,,,,,,,,,,,,,,,,,,,,,,,RBDCW009_Run1,RBDCW009_Run1,2024-04-15_11h21.07.110,IAT_test,2023.2.2,59.95707073735137,2024-04-15 11h21.40.730375 -0400,
,,,1,,,,right,af00009_fg.png,wf00009_fg.png,IAT_image/wf00009_fg.png,Strong,Weak, ,8.7,,,,,,,,,,,,,,,,,,,,,,0,1,1,1,,,,,,,,,222.91696969999998,,,,,,,,,,,,,,,,,,,,,,,,,,,,,,,,,,,,,,,,,222.90115460000004,222.91696969999998,222.91696969999998,223.80084350000004,5,0.8775481999999784,None,,,,,,,,,,,,,,,,,,,,,,,,,,,,,,,,,,,,,,,,,,,,,,,,,,,,,,,,,,,,,,,,,223.80127460000006,223.82039680000003,223.82039680000003,223.82039680000003,223.82039680000003,223.82039680000003,223.82039680000003,223.82039680000003,226.48292620000007,1,1,2.6526702999999543,None,226.48331440000004,226.50016990000006,226.50016990000006,226.50016990000006,226.50016990000006,226.50016990000006,226.50016990000006,226.50016990000006,226.76676329999998,226.7667768,226.78303140000003,235.48363300000005,235.46725090000007,,,,,,,,,,,,,,,,,,,,,,,,,,,,,,,,,,,,,,,,,,,,,,,,,,,,,,,,,,,,,,,,,,,,,,,,,,,,,,,,,RBDCW009_Run1,RBDCW009_Run1,2024-04-15_11h21.07.110,IAT_test,2023.2.2,59.95707073735137,2024-04-15 11h21.40.730375 -0400,
,,,1,,,,right,af00009_fg.png,wf00009_fg.png,IAT_image/wm00001_fg.png,Strong,Weak, ,6.7,,,,,,,,,,,,,,,,,,,,,,0,2,2,2,,,,,,,,,235.48363300000005,,,,,,,,,,,,,,,,,,,,,,,,,,,,,,,,,,,,,,,,,235.46762539999997,235.48363300000005,235.48363300000005,236.33415490000004,5,0.8494696000000204,None,,,,,,,,,,,,,,,,,,,,,,,,,,,,,,,,,,,,,,,,,,,,,,,,,,,,,,,,,,,,,,,,,236.33456480000007,236.35122330000002,236.35122330000002,236.35122330000002,236.35122330000002,236.35122330000002,236.35122330000002,236.35122330000002,241.08334120000006,1,1,4.714962300000025,None,241.08371150000005,241.09972779999998,241.09972779999998,241.09972779999998,241.09972779999998,241.09972779999998,241.09972779999998,241.09972779999998,241.38319990000002,241.38321300000007,241.39991040000007,248.10019239999997,248.0837388,241.39991040000007,241.39991040000007,241.39991040000007,241.39991040000007,241.39991040000007,241.39991040000007,241.39991040000007,,,,,,,,,,,,,,,,,,,,,,,,,,,,,,,,,,,,,,,,,,,,,,,,,,,,,,,,,,,,,,,,,,,,,,,,,,RBDCW009_Run1,RBDCW009_Run1,2024-04-15_11h21.07.110,IAT_test,2023.2.2,59.95707073735137,2024-04-15 11h21.40.730375 -0400,
,,,2,,,,left,af00009_fg.png,wf00009_fg.png,IAT_image/am00003_fg.png,Strong,Weak, ,5.7,,,,,,,,,,,,,,,,,,,,,,0,3,3,3,,,,,,,,,248.10019239999997,,,,,,,,,,,,,,,,,,,,,,,,,,,,,,,,,,,,,,,,,248.08408930000007,248.10019239999997,248.10019239999997,248.33372440000005,5,0.23297999999999774,None,,,,,,,,,,,,,,,,,,,,,,,,,,,,,,,,,,,,,,,,,,,,,,,,,,,,,,,,,,,,,,,,,248.33409600000005,248.3497284,248.3497284,248.3497284,248.3497284,248.3497284,248.3497284,248.3497284,252.53310870000007,2,1,4.170442699999967,None,252.5333726,252.54964470000004,252.54964470000004,252.54964470000004,252.54964470000004,252.54964470000004,252.54964470000004,252.54964470000004,252.81596880000006,252.81598510000003,252.83309659999998,258.5337247,258.51775340000006,,,,,,,,,,,,,,,,,,,,,,,,,,,,,,,,,,,,,,,,,,,,,,,,,,,,,,,,,,,,,,,,,,,,,,,,,,,,,,,,,RBDCW009_Run1,RBDCW009_Run1,2024-04-15_11h21.07.110,IAT_test,2023.2.2,59.95707073735137,2024-04-15 11h21.40.730375 -0400,
,,,1,,,,right,af00009_fg.png,wf00009_fg.png,IAT_image/wm00003_fg.png,Strong,Weak, ,5.7,,,,,,,,,,,,,,,,,,,,,,0,4,4,4,,,,,,,,,258.5337247,,,,,,,,,,,,,,,,,,,,,,,,,,,,,,,,,,,,,,,,,258.518236,258.5337247,258.5337247,258.81760570000006,5,0.2806928999999627,None,,,,,,,,,,,,,,,,,,,,,,,,,,,,,,,,,,,,,,,,,,,,,,,,,,,,,,,,,,,,,,,,,258.81807620000006,258.8357715000001,258.8357715000001,258.8357715000001,258.8357715000001,258.8357715000001,258.8357715000001,258.8357715000001,261.849377,1,1,3.0116368000000193,None,261.84972130000006,261.8664001000001,261.8664001000001,261.8664001000001,261.8664001000001,261.8664001000001,261.8664001000001,261.8664001000001,262.13324510000007,262.13325900000007,262.14951840000003,267.8505109,267.8340763,,,,,,,,,,,,,,,,,,,,,,,,,,,,,,,,,,,,,,,,,,,,,,,,,,,,,,,,,,,,,,,,,,,,,,,,,,,,,,,,,RBDCW009_Run1,RBDCW009_Run1,2024-04-15_11h21.07.110,IAT_test,2023.2.2,59.95707073735137,2024-04-15 11h21.40.730375 -0400,
,,,1,,,,right,af00009_fg.png,wf00009_fg.png,IAT_image/blank.png,Strong,Weak,Soft,7.7,,,,,,,,,,,,,,,,,,,,,,0,5,5,5,,,,,,,,,267.8505109,,,,,,,,,,,,,,,,,,,,,,,,,,,,,,,,,,,,,,,,,267.8345518,267.8505109,267.8505109,268.3352297,5,0.4827312999999549,None,,,,,,,,,,,,,,,,,,,,,,,,,,,,,,,,,,,,,,,,,,,,,,,,,,,,,,,,,,,,,,,,,268.33602229999997,268.37470500000006,268.37470500000006,268.37470500000006,268.37470500000006,268.37470500000006,268.37470500000006,268.37470500000006,271.2500638,1,1,2.8646145999999817,None,271.25040250000006,271.2767844,271.2767844,271.2767844,271.2767844,271.2767844,271.2767844,271.2767844,271.54993820000004,271.54995540000004,271.5664891,279.2666616,279.25038830000005,,,,,,,,,,,,,,,,,,,,,,,,,,,,,,,,,,,,,,,,,,,,,,,,,,,,,,,,,,,,,,,,,,,,,,,,,,,,,,,,,RBDCW009_Run1,RBDCW009_Run1,2024-04-15_11h21.07.110,IAT_test,2023.2.2,59.95707073735137,2024-04-15 11h21.40.730375 -0400,
,,,2,,,,left,af00009_fg.png,wf00009_fg.png,IAT_image/blank.png,Strong,Weak,Athletic,6.7,,,,,,,,,,,,,,,,,,,,,,0,6,6,6,,,,,,,,,279.2666616,,,,,,,,,,,,,,,,,,,,,,,,,,,,,,,,,,,,,,,,,279.2508037000001,279.2666616,279.2666616,279.3339545,5,0.0664572999999109,None,,,,,,,,,,,,,,,,,,,,,,,,,,,,,,,,,,,,,,,,,,,,,,,,,,,,,,,,,,,,,,,,,279.33438680000006,279.3543227000001,279.3543227000001,279.3543227000001,279.3543227000001,279.3543227000001,279.3543227000001,279.3543227000001,280.8334960000001,2,1,1.4617166000000452,None,280.83388780000007,280.8533467000001,280.8533467000001,280.8533467000001,280.8533467000001,280.8533467000001,280.8533467000001,280.8533467000001,281.13311510000005,281.1331303999999,281.14971260000004,287.8501064000001,287.83398079999995,,,,,,,,,,,,,,,,,,,,,,,,,,,,,,,,,,,,,,,,,,,,,,,,,,,,,,,,,,,,,,,,,,,,,,,,,,,,,,,,,RBDCW009_Run1,RBDCW009_Run1,2024-04-15_11h21.07.110,IAT_test,2023.2.2,59.95707073735137,2024-04-15 11h21.40.730375 -0400,
,,,1,,,,right,af00009_fg.png,wf00009_fg.png,IAT_image/wf00004_fg.png,Strong,Weak, ,5.7,,,,,,,,,,,,,,,,,,,,,,0,7,7,7,,,,,,,,,287.8501064000001,,,,,,,,,,,,,,,,,,,,,,,,,,,,,,,,,,,,,,,,,287.8344661,287.8501064000001,287.8501064000001,288.3339417000001,5,0.4830720999998448,None,,,,,,,,,,,,,,,,,,,,,,,,,,,,,,,,,,,,,,,,,,,,,,,,,,,,,,,,,,,,,,,,,288.3344251,288.3551676000001,288.3551676000001,288.3551676000001,288.3551676000001,288.3551676000001,288.3551676000001,288.3551676000001,292.1498898000001,1,1,3.783061699999962,None,292.1502125999999,292.1657328,292.1657328,292.1657328,292.1657328,292.1657328,292.1657328,292.1657328,292.43282940000006,292.43284430000006,292.44957579999993,298.1497261999999,298.1333559000001,,,,,,,,,,,,,,,,,,,,,,,,,,,,,,,,,,,,,,,,,,,,,,,,,,,,,,,,,,,,,,,,,,,,,,,,,,,,,,,,,RBDCW009_Run1,RBDCW009_Run1,2024-04-15_11h21.07.110,IAT_test,2023.2.2,59.95707073735137,2024-04-15 11h21.40.730375 -0400,
,,,1,,,,right,af00009_fg.png,wf00009_fg.png,IAT_image/blank.png,Strong,Weak,Puny,6.7,,,,,,,,,,,,,,,,,,,,,,0,8,8,8,,,,,,,,,298.1497261999999,,,,,,,,,,,,,,,,,,,,,,,,,,,,,,,,,,,,,,,,,298.13368690000004,298.1497261999999,298.1497261999999,298.33381569999995,5,0.18341589999999997,None,,,,,,,,,,,,,,,,,,,,,,,,,,,,,,,,,,,,,,,,,,,,,,,,,,,,,,,,,,,,,,,,,298.3342427000001,298.3656285999999,298.3656285999999,298.3656285999999,298.3656285999999,298.3656285999999,298.3656285999999,298.3656285999999,302.7001788000001,2,0,4.332963399999926,None,302.70058929999993,302.7299356,302.7299356,302.7299356,302.7299356,302.7299356,302.7299356,302.7299356,302.99966929999994,302.9996844000001,303.01627799999994,309.71623850000003,309.69983620000005,,,,,,,,,,,,,,,,,,,,,,,,,,,,,,,,,,,,,,,,,,,,,,,,,,,,,,,,,,,,,,,,,,,,,,,,,,,,,,,,,RBDCW009_Run1,RBDCW009_Run1,2024-04-15_11h21.07.110,IAT_test,2023.2.2,59.95707073735137,2024-04-15 11h21.40.730375 -0400,
,,,2,,,,left,af00009_fg.png,wf00009_fg.png,IAT_image/blank.png,Strong,Weak,Brawny,7.7,,,,,,,,,,,,,,,,,,,,,,0,9,9,9,,,,,,,,,309.71623850000003,,,,,,,,,,,,,,,,,,,,,,,,,,,,,,,,,,,,,,,,,309.7002212000001,309.71623850000003,309.71623850000003,310.3334874000001,5,0.616875200000095,None,,,,,,,,,,,,,,,,,,,,,,,,,,,,,,,,,,,,,,,,,,,,,,,,,,,,,,,,,,,,,,,,,310.33389350000004,310.3542556000001,310.3542556000001,310.3542556000001,310.3542556000001,310.3542556000001,310.3542556000001,310.3542556000001,313.96559579999996,1,0,3.6033824999999524,None,313.9659736,313.98264600000005,313.98264600000005,313.98264600000005,313.98264600000005,313.98264600000005,313.98264600000005,313.98264600000005,314.2492899,314.24930410000013,314.2660519,321.9662503999999,321.9500418000001,,,,,,,,,,,,,,,,,,,,,,,,,,,,,,,,,,,,,,,,,,,,,,,,,,,,,,,,,,,,,,,,,,,,,,,,,,,,,,,,,RBDCW009_Run1,RBDCW009_Run1,2024-04-15_11h21.07.110,IAT_test,2023.2.2,59.95707073735137,2024-04-15 11h21.40.730375 -0400,
,,,1,,,,right,af00009_fg.png,wf00009_fg.png,IAT_image/blank.png,Strong,Weak,Fragile,5.7,,,,,,,,,,,,,,,,,,,,,,0,10,10,10,,,,,,,,,321.9662503999999,,,,,,,,,,,,,,,,,,,,,,,,,,,,,,,,,,,,,,,,,321.9504112000001,321.9662503999999,321.9662503999999,322.3335476000001,5,0.366854099999955,None,,,,,,,,,,,,,,,,,,,,,,,,,,,,,,,,,,,,,,,,,,,,,,,,,,,,,,,,,,,,,,,,,322.33395770000004,322.3547004999999,322.3547004999999,322.3547004999999,322.3547004999999,322.3547004999999,322.3547004999999,322.3547004999999,324.06553339999994,1,1,1.6995796999999584,None,324.0659664000001,324.0855705,324.0855705,324.0855705,324.0855705,324.0855705,324.0855705,324.0855705,324.34953200000007,324.34954670000013,324.36606760000006,330.06636100000003,330.04996459999995,,,,,,,,,,,,,,,,,,,,,,,,,,,,,,,,,,,,,,,,,,,,,,,,,,,,,,,,,,,,,,,,,,,,,,,,,,,,,,,,,RBDCW009_Run1,RBDCW009_Run1,2024-04-15_11h21.07.110,IAT_test,2023.2.2,59.95707073735137,2024-04-15 11h21.40.730375 -0400,
,,,2,,,,left,af00009_fg.png,wf00009_fg.png,IAT_image/am00008_fg.png,Strong,Weak, ,6.7,,,,,,,,,,,,,,,,,,,,,,0,11,11,11,,,,,,,,,330.06636100000003,,,,,,,,,,,,,,,,,,,,,,,,,,,,,,,,,,,,,,,,,330.0503373,330.06636100000003,330.06636100000003,330.33335950000003,5,0.2667412000000695,None,,,,,,,,,,,,,,,,,,,,,,,,,,,,,,,,,,,,,,,,,,,,,,,,,,,,,,,,,,,,,,,,,330.3337183,330.35023460000014,330.35023460000014,330.35023460000014,330.35023460000014,330.35023460000014,330.35023460000014,330.35023460000014,332.74966370000004,2,1,2.3858479000000443,None,332.75000480000006,332.76582670000005,332.76582670000005,332.76582670000005,332.76582670000005,332.76582670000005,332.76582670000005,332.76582670000005,333.0327616999999,333.0327765999999,333.0493342000001,339.7503699,339.7339002,,,,,,,,,,,,,,,,,,,,,,,,,,,,,,,,,,,,,,,,,,,,,,,,,,,,,,,,,,,,,,,,,,,,,,,,,,,,,,,,,RBDCW009_Run1,RBDCW009_Run1,2024-04-15_11h21.07.110,IAT_test,2023.2.2,59.95707073735137,2024-04-15 11h21.40.730375 -0400,
,,,2,,,,left,af00009_fg.png,wf00009_fg.png,IAT_image/af00001_fg.png,Strong,Weak, ,6.7,,,,,,,,,,,,,,,,,,,,,,0,12,12,12,,,,,,,,,339.7503699,,,,,,,,,,,,,,,,,,,,,,,,,,,,,,,,,,,,,,,,,339.7345239,339.7503699,339.7503699,340.3508636,5,0.5827419999998256,None,,,,,,,,,,,,,,,,,,,,,,,,,,,,,,,,,,,,,,,,,,,,,,,,,,,,,,,,,,,,,,,,,340.3515205,340.3735124000001,340.3735124000001,340.3735124000001,340.3735124000001,340.3735124000001,340.3735124000001,340.3735124000001,344.54936839999993,1,0,4.163299100000131,None,344.54964110000003,344.5658681000001,344.5658681000001,344.5658681000001,344.5658681000001,344.5658681000001,344.5658681000001,344.5658681000001,344.84934409999994,344.8493568,344.8658851000001,351.56634840000004,351.5498696000001,344.8658851000001,344.8658851000001,344.8658851000001,344.8658851000001,344.8658851000001,344.8658851000001,344.8658851000001,,,,,,,,,,,,,,,,,,,,,,,,,,,,,,,,,,,,,,,,,,,,,,,,,,,,,,,,,,,,,,,,,,,,,,,,,,RBDCW009_Run1,RBDCW009_Run1,2024-04-15_11h21.07.110,IAT_test,2023.2.2,59.95707073735137,2024-04-15 11h21.40.730375 -0400,
,,,1,,,,right,af00009_fg.png,wf00009_fg.png,IAT_image/blank.png,Strong,Weak,Delicate,6.7,,,,,,,,,,,,,,,,,,,,,,0,13,13,13,,,,,,,,,351.56634840000004,,,,,,,,,,,,,,,,,,,,,,,,,,,,,,,,,,,,,,,,,351.55024990000004,351.56634840000004,351.56634840000004,352.34984309999993,5,0.7667155999999977,None,,,,,,,,,,,,,,,,,,,,,,,,,,,,,,,,,,,,,,,,,,,,,,,,,,,,,,,,,,,,,,,,,352.3502175,352.38005480000004,352.38005480000004,352.38005480000004,352.38005480000004,352.38005480000004,352.38005480000004,352.38005480000004,353.7493740000001,1,1,1.363281700000016,None,353.74972020000007,353.77685639999993,353.77685639999993,353.77685639999993,353.77685639999993,353.77685639999993,353.77685639999993,353.77685639999993,354.04907330000003,354.04908680000005,354.0658631,360.7660867999999,360.7498266000001,,,,,,,,,,,,,,,,,,,,,,,,,,,,,,,,,,,,,,,,,,,,,,,,,,,,,,,,,,,,,,,,,,,,,,,,,,,,,,,,,RBDCW009_Run1,RBDCW009_Run1,2024-04-15_11h21.07.110,IAT_test,2023.2.2,59.95707073735137,2024-04-15 11h21.40.730375 -0400,
,,,1,,,,right,af00009_fg.png,wf00009_fg.png,IAT_image/blank.png,Strong,Weak,Feeble,5.7,,,,,,,,,,,,,,,,,,,,,,0,14,14,14,,,,,,,,,360.7660867999999,,,,,,,,,,,,,,,,,,,,,,,,,,,,,,,,,,,,,,,,,360.7502111,360.7660867999999,360.7660867999999,361.3496947,5,0.5680342999999084,None,,,,,,,,,,,,,,,,,,,,,,,,,,,,,,,,,,,,,,,,,,,,,,,,,,,,,,,,,,,,,,,,,361.35010390000014,361.36989630000005,361.36989630000005,361.36989630000005,361.36989630000005,361.36989630000005,361.36989630000005,361.36989630000005,362.58175300000005,1,1,1.2095021999998607,None,362.58208879999995,362.5988292999999,362.5988292999999,362.5988292999999,362.5988292999999,362.5988292999999,362.5988292999999,362.5988292999999,362.8656465,362.8656608,362.8824728999999,368.5831901,368.56684170000005,,,,,,,,,,,,,,,,,,,,,,,,,,,,,,,,,,,,,,,,,,,,,,,,,,,,,,,,,,,,,,,,,,,,,,,,,,,,,,,,,RBDCW009_Run1,RBDCW009_Run1,2024-04-15_11h21.07.110,IAT_test,2023.2.2,59.95707073735137,2024-04-15 11h21.40.730375 -0400,
,,,2,,,,left,af00009_fg.png,wf00009_fg.png,IAT_image/blank.png,Strong,Weak,Burly,6.7,,,,,,,,,,,,,,,,,,,,,,0,15,15,15,,,,,,,,,368.5831901,,,,,,,,,,,,,,,,,,,,,,,,,,,,,,,,,,,,,,,,,368.5673289,368.5831901,368.5831901,369.34921700000007,5,0.750972400000137,None,,,,,,,,,,,,,,,,,,,,,,,,,,,,,,,,,,,,,,,,,,,,,,,,,,,,,,,,,,,,,,,,,369.34942850000004,369.365717,369.365717,369.365717,369.365717,369.365717,369.365717,369.365717,374.43193439999993,1,0,5.060983300000089,None,374.4322885,374.44954599999994,374.44954599999994,374.44954599999994,374.44954599999994,374.44954599999994,374.44954599999994,374.44954599999994,374.71578650000004,374.7158011,374.7321066999999,381.4329156,381.4162027000001,,,,,,,,,,,,,,,,,,,,,,,,,,,,,,,,,,,,,,,,,,,,,,,,,,,,,,,,,,,,,,,,,,,,,,,,,,,,,,,,,RBDCW009_Run1,RBDCW009_Run1,2024-04-15_11h21.07.110,IAT_test,2023.2.2,59.95707073735137,2024-04-15 11h21.40.730375 -0400,
,,,1,,,,right,af00009_fg.png,wf00009_fg.png,IAT_image/wf00006_fg.png,Strong,Weak, ,6.7,,,,,,,,,,,,,,,,,,,,,,0,16,16,16,,,,,,,,,381.4329156,,,,,,,,,,,,,,,,,,,,,,,,,,,,,,,,,,,,,,,,,381.41661439999996,381.4329156,381.4329156,382.3499094,5,0.9012436000000434,None,,,,,,,,,,,,,,,,,,,,,,,,,,,,,,,,,,,,,,,,,,,,,,,,,,,,,,,,,,,,,,,,,382.3503243000001,382.36808869999993,382.36808869999993,382.36808869999993,382.36808869999993,382.36808869999993,382.36808869999993,382.36808869999993,385.89943660000006,1,1,3.514007900000024,None,385.89983240000004,385.9182605,385.9182605,385.9182605,385.9182605,385.9182605,385.9182605,385.9182605,386.1990899000001,386.1991045000001,386.2156248,392.9161485000001,392.8992704000001,,,,,,,,,,,,,,,,,,,,,,,,,,,,,,,,,,,,,,,,,,,,,,,,,,,,,,,,,,,,,,,,,,,,,,,,,,,,,,,,,RBDCW009_Run1,RBDCW009_Run1,2024-04-15_11h21.07.110,IAT_test,2023.2.2,59.95707073735137,2024-04-15 11h21.40.730375 -0400,
,,,2,,,,left,af00009_fg.png,wf00009_fg.png,IAT_image/af00002_fg.png,Strong,Weak, ,6.7,,,,,,,,,,,,,,,,,,,,,,0,17,17,17,,,,,,,,,392.9161485000001,,,,,,,,,,,,,,,,,,,,,,,,,,,,,,,,,,,,,,,,,392.8996410000001,392.9161485000001,392.9161485000001,394.1497836,5,1.2312141999998403,None,,,,,,,,,,,,,,,,,,,,,,,,,,,,,,,,,,,,,,,,,,,,,,,,,,,,,,,,,,,,,,,,,394.15026309999996,394.1681652000001,394.1681652000001,394.1681652000001,394.1681652000001,394.1681652000001,394.1681652000001,394.1681652000001,398.8818576,1,0,4.711220599999933,None,398.88224100000014,398.89863819999994,398.89863819999994,398.89863819999994,398.89863819999994,398.89863819999994,398.89863819999994,398.89863819999994,399.16573260000007,399.16574789999993,399.1820088999999,405.88253810000003,405.86642240000003,,,,,,,,,,,,,,,,,,,,,,,,,,,,,,,,,,,,,,,,,,,,,,,,,,,,,,,,,,,,,,,,,,,,,,,,,,,,,,,,,RBDCW009_Run1,RBDCW009_Run1,2024-04-15_11h21.07.110,IAT_test,2023.2.2,59.95707073735137,2024-04-15 11h21.40.730375 -0400,
,,,1,,,,right,af00009_fg.png,wf00009_fg.png,IAT_image/blank.png,Strong,Weak,Frail,5.7,,,,,,,,,,,,,,,,,,,,,,0,18,18,18,,,,,,,,,405.88253810000003,,,,,,,,,,,,,,,,,,,,,,,,,,,,,,,,,,,,,,,,,405.8667895,405.88253810000003,405.88253810000003,406.3497159,5,0.4516223999999056,None,,,,,,,,,,,,,,,,,,,,,,,,,,,,,,,,,,,,,,,,,,,,,,,,,,,,,,,,,,,,,,,,,406.35012259999996,406.3804185,406.3804185,406.3804185,406.3804185,406.3804185,406.3804185,406.3804185,407.73144719999993,1,1,1.34291589999998,None,407.7318202,407.75673470000004,407.75673470000004,407.75673470000004,407.75673470000004,407.75673470000004,407.75673470000004,407.75673470000004,408.0157154,408.0157303,408.0320498,413.7324711,413.71632940000006,,,,,,,,,,,,,,,,,,,,,,,,,,,,,,,,,,,,,,,,,,,,,,,,,,,,,,,,,,,,,,,,,,,,,,,,,,,,,,,,,RBDCW009_Run1,RBDCW009_Run1,2024-04-15_11h21.07.110,IAT_test,2023.2.2,59.95707073735137,2024-04-15 11h21.40.730375 -0400,
,,,1,,,,right,af00009_fg.png,wf00009_fg.png,IAT_image/blank.png,Strong,Weak,Skinny,8.7,,,,,,,,,,,,,,,,,,,,,,0,19,19,19,,,,,,,,,413.7324711,,,,,,,,,,,,,,,,,,,,,,,,,,,,,,,,,,,,,,,,,413.7167416000001,413.7324711,413.7324711,414.35015239999996,5,0.6017279999998664,None,,,,,,,,,,,,,,,,,,,,,,,,,,,,,,,,,,,,,,,,,,,,,,,,,,,,,,,,,,,,,,,,,414.35072449999996,414.3735342000001,414.3735342000001,414.3735342000001,414.3735342000001,414.3735342000001,414.3735342000001,414.3735342000001,416.04906540000013,1,1,1.6745473999999376,None,416.04937600000005,416.0655502999999,416.0655502999999,416.0655502999999,416.0655502999999,416.0655502999999,416.0655502999999,416.0655502999999,416.3489509,416.3489644,416.3653714999999,425.06557310000005,425.0490224000001,416.3653714999999,416.3653714999999,416.3653714999999,416.3653714999999,416.3653714999999,416.3653714999999,416.3653714999999,,,,,,,,,,,,,,,,,,,,,,,,,,,,,,,,,,,,,,,,,,,,,,,,,,,,,,,,,,,,,,,,,,,,,,,,,,RBDCW009_Run1,RBDCW009_Run1,2024-04-15_11h21.07.110,IAT_test,2023.2.2,59.95707073735137,2024-04-15 11h21.40.730375 -0400,
,,,2,,,,left,af00009_fg.png,wf00009_fg.png,IAT_image/blank.png,Strong,Weak,Tough,5.7,,,,,,,,,,,,,,,,,,,,,,0,20,20,20,,,,,,,,,425.06557310000005,,,,,,,,,,,,,,,,,,,,,,,,,,,,,,,,,,,,,,,,,425.04940550000003,425.06557310000005,425.06557310000005,425.34932719999995,5,0.2689106999998785,None,,,,,,,,,,,,,,,,,,,,,,,,,,,,,,,,,,,,,,,,,,,,,,,,,,,,,,,,,,,,,,,,,425.3496857000001,425.3684875,425.3684875,425.3684875,425.3684875,425.3684875,425.3684875,425.3684875,426.6490004000001,1,0,1.2796743999999762,None,426.64932280000005,426.66680529999996,426.66680529999996,426.66680529999996,426.66680529999996,426.66680529999996,426.66680529999996,426.66680529999996,426.9487206,426.9487352,426.96528019999994,432.6657395000001,432.64915380000014,,,,,,,,,,,,,,,,,,,,,,,,,,,,,,,,,,,,,,,,,,,,,,,,,,,,,,,,,,,,,,,,,,,,,,,,,,,,,,,,,RBDCW009_Run1,RBDCW009_Run1,2024-04-15_11h21.07.110,IAT_test,2023.2.2,59.95707073735137,2024-04-15 11h21.40.730375 -0400,
,,,2,,,,left,af00009_fg.png,wf00009_fg.png,IAT_image/blank.png,Strong,Weak,Muscly,5.7,,,,,,,,,,,,,,,,,,,,,,0,21,21,21,,,,,,,,,432.6657395000001,,,,,,,,,,,,,,,,,,,,,,,,,,,,,,,,,,,,,,,,,432.6495132000001,432.6657395000001,432.6657395000001,433.91623370000013,5,1.248647099999971,None,,,,,,,,,,,,,,,,,,,,,,,,,,,,,,,,,,,,,,,,,,,,,,,,,,,,,,,,,,,,,,,,,433.91663570000003,433.9358982,433.9358982,433.9358982,433.9358982,433.9358982,433.9358982,433.9358982,436.98234990000003,2,1,3.033202200000005,None,436.9826850999999,436.99993329999995,436.99993329999995,436.99993329999995,436.99993329999995,436.99993329999995,436.99993329999995,436.99993329999995,437.2653844,437.26539850000006,437.28201,442.9821164000001,442.9656292000001,,,,,,,,,,,,,,,,,,,,,,,,,,,,,,,,,,,,,,,,,,,,,,,,,,,,,,,,,,,,,,,,,,,,,,,,,,,,,,,,,RBDCW009_Run1,RBDCW009_Run1,2024-04-15_11h21.07.110,IAT_test,2023.2.2,59.95707073735137,2024-04-15 11h21.40.730375 -0400,
,,,2,,,,left,af00009_fg.png,wf00009_fg.png,IAT_image/af00009_fg.png,Strong,Weak, ,6.7,,,,,,,,,,,,,,,,,,,,,,0,22,22,22,,,,,,,,,442.9821164000001,,,,,,,,,,,,,,,,,,,,,,,,,,,,,,,,,,,,,,,,,442.9659342000001,442.9821164000001,442.9821164000001,443.3494657,5,0.3520172000000912,None,,,,,,,,,,,,,,,,,,,,,,,,,,,,,,,,,,,,,,,,,,,,,,,,,,,,,,,,,,,,,,,,,443.34987179999996,443.3688513999999,443.3688513999999,443.3688513999999,443.3688513999999,443.3688513999999,443.3688513999999,443.3688513999999,445.41525680000007,2,1,2.0345859000001383,None,445.41552119999994,445.4311388,445.4311388,445.4311388,445.4311388,445.4311388,445.4311388,445.4311388,445.69847500000003,445.6984894000001,445.7151993000001,452.4155591,452.3991910000001,,,,,,,,,,,,,,,,,,,,,,,,,,,,,,,,,,,,,,,,,,,,,,,,,,,,,,,,,,,,,,,,,,,,,,,,,,,,,,,,,RBDCW009_Run1,RBDCW009_Run1,2024-04-15_11h21.07.110,IAT_test,2023.2.2,59.95707073735137,2024-04-15 11h21.40.730375 -0400,
,,,2,,,,left,af00009_fg.png,wf00009_fg.png,IAT_image/blank.png,Strong,Weak,Strength,6.7,,,,,,,,,,,,,,,,,,,,,,0,23,23,23,,,,,,,,,452.4155591,,,,,,,,,,,,,,,,,,,,,,,,,,,,,,,,,,,,,,,,,452.39957760000004,452.4155591,452.4155591,453.34981329999994,5,0.9186635999999453,None,,,,,,,,,,,,,,,,,,,,,,,,,,,,,,,,,,,,,,,,,,,,,,,,,,,,,,,,,,,,,,,,,453.350323,453.38197260000004,453.38197260000004,453.38197260000004,453.38197260000004,453.38197260000004,453.38197260000004,453.38197260000004,455.11566260000006,2,1,1.720143999999891,None,455.1160503,455.1434964000001,455.1434964000001,455.1434964000001,455.1434964000001,455.1434964000001,455.1434964000001,455.1434964000001,455.41522599999996,455.4152407,455.4318938,462.1318967000001,462.1153236000001,,,,,,,,,,,,,,,,,,,,,,,,,,,,,,,,,,,,,,,,,,,,,,,,,,,,,,,,,,,,,,,,,,,,,,,,,,,,,,,,,RBDCW009_Run1,RBDCW009_Run1,2024-04-15_11h21.07.110,IAT_test,2023.2.2,59.95707073735137,2024-04-15 11h21.40.730375 -0400,
,,,2,,,,left,af00009_fg.png,wf00009_fg.png,IAT_image/blank.png,Strong,Weak,Solid,6.7,,,,,,,,,,,,,,,,,,,,,,0,24,24,24,,,,,,,,,462.1318967000001,,,,,,,,,,,,,,,,,,,,,,,,,,,,,,,,,,,,,,,,,462.11558350000007,462.1318967000001,462.1318967000001,462.3493337000001,5,0.20232209999994666,None,,,,,,,,,,,,,,,,,,,,,,,,,,,,,,,,,,,,,,,,,,,,,,,,,,,,,,,,,,,,,,,,,462.34973950000006,462.3701688,462.3701688,462.3701688,462.3701688,462.3701688,462.3701688,462.3701688,466.46532319999994,2,1,4.079932000000099,None,466.4656434,466.48135650000006,466.48135650000006,466.48135650000006,466.48135650000006,466.48135650000006,466.48135650000006,466.48135650000006,466.7485283,466.74854429999993,466.7651320000001,473.4652996000001,473.4491898,,,,,,,,,,,,,,,,,,,,,,,,,,,,,,,,,,,,,,,,,,,,,,,,,,,,,,,,,,,,,,,,,,,,,,,,,,,,,,,,,RBDCW009_Run1,RBDCW009_Run1,2024-04-15_11h21.07.110,IAT_test,2023.2.2,59.95707073735137,2024-04-15 11h21.40.730375 -0400,
,,,1,,,,right,af00009_fg.png,wf00009_fg.png,IAT_image/blank.png,Strong,Weak,Sedentary,7.7,,,,,,,,,,,,,,,,,,,,,,0,25,25,25,,,,,,,,,473.4652996000001,,,,,,,,,,,,,,,,,,,,,,,,,,,,,,,,,,,,,,,,,473.4496063,473.4652996000001,473.4652996000001,474.349192,5,0.8690825000001041,None,,,,,,,,,,,,,,,,,,,,,,,,,,,,,,,,,,,,,,,,,,,,,,,,,,,,,,,,,,,,,,,,,474.34959850000007,474.3700212,474.3700212,474.3700212,474.3700212,474.3700212,474.3700212,474.3700212,475.6310738000001,1,1,1.2461700000001201,None,475.63148089999993,475.64836479999997,475.64836479999997,475.64836479999997,475.64836479999997,475.64836479999997,475.64836479999997,475.64836479999997,475.9152385000001,475.91525379999996,475.9316769999999,483.63207479999994,483.6152866000001,,,,,,,,,,,,,,,,,,,,,,,,,,,,,,,,,,,,,,,,,,,,,,,,,,,,,,,,,,,,,,,,,,,,,,,,,,,,,,,,,RBDCW009_Run1,RBDCW009_Run1,2024-04-15_11h21.07.110,IAT_test,2023.2.2,59.95707073735137,2024-04-15 11h21.40.730375 -0400,
,,,1,,,,right,af00009_fg.png,wf00009_fg.png,IAT_image/wm00012_fg.png,Strong,Weak, ,5.7,,,,,,,,,,,,,,,,,,,,,,0,26,26,26,,,,,,,,,483.63207479999994,,,,,,,,,,,,,,,,,,,,,,,,,,,,,,,,,,,,,,,,,483.6156896000001,483.63207479999994,483.63207479999994,484.34950979999996,5,0.7021198999998433,None,,,,,,,,,,,,,,,,,,,,,,,,,,,,,,,,,,,,,,,,,,,,,,,,,,,,,,,,,,,,,,,,,484.3499793,484.3687378999999,484.3687378999999,484.3687378999999,484.3687378999999,484.3687378999999,484.3687378999999,484.3687378999999,486.6153034,2,0,2.2343221000000995,None,486.6156422,486.6323407000001,486.6323407000001,486.6323407000001,486.6323407000001,486.6323407000001,486.6323407000001,486.6323407000001,486.89844159999996,486.8984567000001,486.9149983000001,492.61534300000005,492.59887160000005,,,,,,,,,,,,,,,,,,,,,,,,,,,,,,,,,,,,,,,,,,,,,,,,,,,,,,,,,,,,,,,,,,,,,,,,,,,,,,,,,RBDCW009_Run1,RBDCW009_Run1,2024-04-15_11h21.07.110,IAT_test,2023.2.2,59.95707073735137,2024-04-15 11h21.40.730375 -0400,
,,,2,,,,left,af00009_fg.png,wf00009_fg.png,IAT_image/am00011_fg.png,Strong,Weak, ,7.7,,,,,,,,,,,,,,,,,,,,,,0,27,27,27,,,,,,,,,492.61534300000005,,,,,,,,,,,,,,,,,,,,,,,,,,,,,,,,,,,,,,,,,492.5992373,492.61534300000005,492.61534300000005,493.3491123,5,0.7189571000001251,None,,,,,,,,,,,,,,,,,,,,,,,,,,,,,,,,,,,,,,,,,,,,,,,,,,,,,,,,,,,,,,,,,493.3495168999999,493.3652197,493.3652197,493.3652197,493.3652197,493.3652197,493.3652197,493.3652197,497.71465509999996,2,1,4.347922800000106,None,497.7149640000001,497.7304502999999,497.7304502999999,497.7304502999999,497.7304502999999,497.7304502999999,497.7304502999999,497.7304502999999,497.9981679000001,497.9981841,498.01508649999994,505.7193889000001,505.69845369999996,,,,,,,,,,,,,,,,,,,,,,,,,,,,,,,,,,,,,,,,,,,,,,,,,,,,,,,,,,,,,,,,,,,,,,,,,,,,,,,,,RBDCW009_Run1,RBDCW009_Run1,2024-04-15_11h21.07.110,IAT_test,2023.2.2,59.95707073735137,2024-04-15 11h21.40.730375 -0400,
,,,,,,,,,,,,,,,,,,,,,,,,,,,,,,,,,,,,,,,,,,,,,,,,,,,,,,,,,,,,,,,,,,,,,,,,,,,,,,,,,,,,,,,,,,,,,,,,,,,,,,,,,,,,,,,,,,,,,,,,,,,,,,,,,,,,,,,,,,,,,,,,,,,,,,,,,,,,,,,,,,,,,,,,,,,,,,,,,,,,,,,,,,,,,,,,,505.6985275999999,505.7193889000001,505.7193889000001,505.7193889000001,505.7193889000001,505.7193889000001,505.7193889000001,509.4151319000001,2,3.6929474000000937,None,,,,,,,,,,,,,,,,,,,,,,,,,,,,,,,,,,,,,,,,,,,,,,,,,,,,,,,,,,,,,,,RBDCW009_Run1,RBDCW009_Run1,2024-04-15_11h21.07.110,IAT_test,2023.2.2,59.95707073735137,2024-04-15 11h21.40.730375 -0400,
,,,2,,,,left,,,,,,,,Weak,Strong,Feeble,,,,,,,,,,,,,,,,,,,,,,,0,0,0,9,,,,,509.4323026999999,,,,,,,,,,,,,,,,,,,,,,,,,,,,,,,,,,,,,,,,,509.4297164000001,509.4323026999999,509.4323026999999,510.3490029000001,5,0.9018722000000707,None,,,,,,,,,,,,,,,,,515.2140003999999,515.231514,,516.2155294,,,,,,,,,,,,,,,,,,,,,,,,,,,,,,,,,,,,,,,,,,,,,,,,,,,,,,,,,,,,,,,,,,,,,,,,,,,,,,,,,,,,,,,,,510.3496309000001,510.3649279,510.3649279,510.3649279,510.3649279,514.9152075000001,2,1,4.541379900000038,None,514.9157613000001,514.9709019999999,514.9709019999999,514.9709019999999,514.9709019999999,515.2139799,,,,,,,,,,,,,,,,,,,,,,,,,,,,,,,,,,,,,,,,,,,,,,,RBDCW009_Run1,RBDCW009_Run1,2024-04-15_11h21.07.110,IAT_test,2023.2.2,59.95707073735137,2024-04-15 11h21.40.730375 -0400,
,,,2,,,,left,,,,,,,,Weak,Strong,Fragile,,,,,,,,,,,,,,,,,,,,,,,0,1,1,0,,,,,516.2320209999999,,,,,,,,,,,,,,,,,,,,,,,,,,,,,,,,,,,,,,,,,516.2159611999999,516.2320209999999,516.2320209999999,516.3489991,5,0.10215219999986402,None,,,,,,,,,,,,,,,,,518.3983873999999,518.4145837,519.4147054000001,519.3983116,,,,,,,,,,,,,,,,,,,,,,,,,,,,,,,,,,,,,,,,,,,,,,,,,,,,,,,,,,,,,,,,,,,,,,,,,,,,,,,,,,,,,,,,,516.3494236,516.3653704,516.3653704,516.3653704,516.3653704,518.0985009,2,1,1.7327904000001126,None,518.0988762000001,518.1149905000001,518.1149905000001,518.1149905000001,518.1149905000001,518.3983727000001,518.4145837,518.4145837,518.4145837,518.4145837,,,,,,,,,,,,,,,,,,,,,,,,,,,,,,,,,,,,,,,,,,,RBDCW009_Run1,RBDCW009_Run1,2024-04-15_11h21.07.110,IAT_test,2023.2.2,59.95707073735137,2024-04-15 11h21.40.730375 -0400,
,,,1,,,,right,,,,,,,,Weak,Strong,Athletic,,,,,,,,,,,,,,,,,,,,,,,0,2,2,11,,,,,519.4147054000001,,,,,,,,,,,,,,,,,,,,,,,,,,,,,,,,,,,,,,,,,519.3985776000001,519.4147054000001,519.4147054000001,520.3489852000001,5,0.9195105999999669,None,,,,,,,,,,,,,,,,,521.6986843999999,521.7150683000001,,522.698865,,,,,,,,,,,,,,,,,,,,,,,,,,,,,,,,,,,,,,,,,,,,,,,,,,,,,,,,,,,,,,,,,,,,,,,,,,,,,,,,,,,,,,,,,520.3493916000001,520.3653273000001,520.3653273000001,520.3653273000001,520.3653273000001,521.4153583000001,1,1,1.0398963999998614,None,521.4157966000001,521.4306995999999,521.4306995999999,521.4306995999999,521.4306995999999,521.6986622000001,,,,,,,,,,,,,,,,,,,,,,,,,,,,,,,,,,,,,,,,,,,,,,,RBDCW009_Run1,RBDCW009_Run1,2024-04-15_11h21.07.110,IAT_test,2023.2.2,59.95707073735137,2024-04-15 11h21.40.730375 -0400,
,,,2,,,,left,,,,,,,,Weak,Strong,Delicate,,,,,,,,,,,,,,,,,,,,,,,0,3,3,6,,,,,522.7152244,,,,,,,,,,,,,,,,,,,,,,,,,,,,,,,,,,,,,,,,,522.6993160000001,522.7152244,522.7152244,523.9816146,5,1.2498805000000175,None,,,,,,,,,,,,,,,,,525.9816009,525.998215,,526.9818102,,,,,,,,,,,,,,,,,,,,,,,,,,,,,,,,,,,,,,,,,,,,,,,,,,,,,,,,,,,,,,,,,,,,,,,,,,,,,,,,,,,,,,,,,523.9818616000001,523.9977847000001,523.9977847000001,523.9977847000001,523.9977847000001,525.698278,2,1,1.689372899999853,None,525.6986627,525.7139748000001,525.7139748000001,525.7139748000001,525.7139748000001,525.9815835,,,,,,,,,,,,,,,,,,,,,,,,,,,,,,,,,,,,,,,,,,,,,,,RBDCW009_Run1,RBDCW009_Run1,2024-04-15_11h21.07.110,IAT_test,2023.2.2,59.95707073735137,2024-04-15 11h21.40.730375 -0400,
,,,1,,,,right,,,,,,,,Weak,Strong,Powerful,,,,,,,,,,,,,,,,,,,,,,,0,4,4,3,,,,,526.9982653999999,,,,,,,,,,,,,,,,,,,,,,,,,,,,,,,,,,,,,,,,,526.9821817999999,526.9982653999999,526.9982653999999,527.3489294,5,0.33596319999992375,None,,,,,,,,,,,,,,,,,528.7482613000001,528.7649459,,529.7485124000001,,,,,,,,,,,,,,,,,,,,,,,,,,,,,,,,,,,,,,,,,,,,,,,,,,,,,,,,,,,,,,,,,,,,,,,,,,,,,,,,,,,,,,,,,527.3493340000001,527.3653104000001,527.3653104000001,527.3653104000001,527.3653104000001,528.4482305,1,1,1.080977300000086,None,528.4486109999999,528.4647103000001,528.4647103000001,528.4647103000001,528.4647103000001,528.7482447000001,528.7649459,528.7649459,528.7649459,528.7649459,,,,,,,,,,,,,,,,,,,,,,,,,,,,,,,,,,,,,,,,,,,RBDCW009_Run1,RBDCW009_Run1,2024-04-15_11h21.07.110,IAT_test,2023.2.2,59.95707073735137,2024-04-15 11h21.40.730375 -0400,
,,,2,,,,left,,,,,,,,Weak,Strong,Soft,,,,,,,,,,,,,,,,,,,,,,,0,5,5,2,,,,,529.7650718000001,,,,,,,,,,,,,,,,,,,,,,,,,,,,,,,,,,,,,,,,,529.7488818,529.7650718000001,529.7650718000001,530.3488821,5,0.5692047000000002,None,,,,,,,,,,,,,,,,,533.0479203000001,533.0645599999999,,534.0483707,,,,,,,,,,,,,,,,,,,,,,,,,,,,,,,,,,,,,,,,,,,,,,,,,,,,,,,,,,,,,,,,,,,,,,,,,,,,,,,,,,,,,,,,,530.3492878000001,530.3649996,530.3649996,530.3649996,530.3649996,532.7649797,2,1,2.392124099999819,None,532.7653614,532.7805955,532.7805955,532.7805955,532.7805955,533.047903,,,,,,,,,,,,,,,,,,,,,,,,,,,,,,,,,,,,,,,,,,,,,,,RBDCW009_Run1,RBDCW009_Run1,2024-04-15_11h21.07.110,IAT_test,2023.2.2,59.95707073735137,2024-04-15 11h21.40.730375 -0400,
,,,2,,,,left,,,,,,,,Weak,Strong,Skinny,,,,,,,,,,,,,,,,,,,,,,,0,6,6,14,,,,,534.0649655000001,,,,,,,,,,,,,,,,,,,,,,,,,,,,,,,,,,,,,,,,,534.0487724000001,534.0649655000001,534.0649655000001,534.3485806,5,0.2692025999999714,None,,,,,,,,,,,,,,,,,536.1149029,536.1314046000001,537.1316216000001,537.1149323999999,,,,,,,,,,,,,,,,,,,,,,,,,,,,,,,,,,,,,,,,,,,,,,,,,,,,,,,,,,,,,,,,,,,,,,,,,,,,,,,,,,,,,,,,,534.3489697000001,534.365244,534.365244,534.365244,534.365244,535.8309137,2,1,1.4650566999998773,None,535.8313224,535.8480245,535.8480245,535.8480245,535.8480245,536.1148857,,,,,,,,,,,,,,,,,,,,,,,,,,,,,,,,,,,,,,,,,,,,,,,RBDCW009_Run1,RBDCW009_Run1,2024-04-15_11h21.07.110,IAT_test,2023.2.2,59.95707073735137,2024-04-15 11h21.40.730375 -0400,
,,,2,,,,left,,,,,,,,Weak,Strong,Sedentary,,,,,,,,,,,,,,,,,,,,,,,0,7,7,15,,,,,537.1316216000001,,,,,,,,,,,,,,,,,,,,,,,,,,,,,,,,,,,,,,,,,537.1152634000001,537.1316216000001,537.1316216000001,537.3486454,5,0.20294269999999415,None,,,,,,,,,,,,,,,,,539.0480673999999,539.0647748,,540.0485264,,,,,,,,,,,,,,,,,,,,,,,,,,,,,,,,,,,,,,,,,,,,,,,,,,,,,,,,,,,,,,,,,,,,,,,,,,,,,,,,,,,,,,,,,537.3490178000001,537.3647874,537.3647874,537.3647874,537.3647874,538.7485611000001,2,1,1.375532099999873,None,538.7490394,538.7646609,538.7646609,538.7646609,538.7646609,539.0480507999999,539.0647748,539.0647748,539.0647748,539.0647748,,,,,,,,,,,,,,,,,,,,,,,,,,,,,,,,,,,,,,,,,,,RBDCW009_Run1,RBDCW009_Run1,2024-04-15_11h21.07.110,IAT_test,2023.2.2,59.95707073735137,2024-04-15 11h21.40.730375 -0400,
,,,1,,,,right,,,,,,,,Weak,Strong,Strength,,,,,,,,,,,,,,,,,,,,,,,0,8,8,4,,,,,540.0650111000001,,,,,,,,,,,,,,,,,,,,,,,,,,,,,,,,,,,,,,,,,540.0489109000001,540.0650111000001,540.0650111000001,540.3486838,5,0.26926079999998365,None,,,,,,,,,,,,,,,,,541.7147879,541.7311622999999,,542.7152411999999,,,,,,,,,,,,,,,,,,,,,,,,,,,,,,,,,,,,,,,,,,,,,,,,,,,,,,,,,,,,,,,,,,,,,,,,,,,,,,,,,,,,,,,,,540.3490565000001,540.3648132,540.3648132,540.3648132,540.3648132,541.4307572000001,1,1,1.065335799999957,None,541.4312255000001,541.4480677,541.4480677,541.4480677,541.4480677,541.7147706,,,,,,,,,,,,,,,,,,,,,,,,,,,,,,,,,,,,,,,,,,,,,,,RBDCW009_Run1,RBDCW009_Run1,2024-04-15_11h21.07.110,IAT_test,2023.2.2,59.95707073735137,2024-04-15 11h21.40.730375 -0400,
,,,1,,,,right,,,,,,,,Weak,Strong,Brawny,,,,,,,,,,,,,,,,,,,,,,,0,9,9,13,,,,,542.7316930000001,,,,,,,,,,,,,,,,,,,,,,,,,,,,,,,,,,,,,,,,,542.7156919,542.7316930000001,542.7316930000001,543.3486965000001,5,0.602588699999842,None,,,,,,,,,,,,,,,,,546.4648102,546.481289,,547.4656957000001,,,,,,,,,,,,,,,,,,,,,,,,,,,,,,,,,,,,,,,,,,,,,,,,,,,,,,,,,,,,,,,,,,,,,,,,,,,,,,,,,,,,,,,,,543.3491413,543.3654110000001,543.3654110000001,543.3654110000001,543.3654110000001,546.1808651,2,0,2.807493499999964,None,546.1812886000001,546.1981059000001,546.1981059000001,546.1981059000001,546.1981059000001,546.4647931000001,,,,,,,,,,,,,,,,,,,,,,,,,,,,,,,,,,,,,,,,,,,,,,,RBDCW009_Run1,RBDCW009_Run1,2024-04-15_11h21.07.110,IAT_test,2023.2.2,59.95707073735137,2024-04-15 11h21.40.730375 -0400,
,,,1,,,,right,,,,,,,,Weak,Strong,Muscly,,,,,,,,,,,,,,,,,,,,,,,0,10,10,12,,,,,547.4822295,,,,,,,,,,,,,,,,,,,,,,,,,,,,,,,,,,,,,,,,,547.4662331000001,547.4822295,547.4822295,548.3485974000001,5,0.8519036000000142,None,,,,,,,,,,,,,,,,,550.8980707,550.9147938,,551.8985254,,,,,,,,,,,,,,,,,,,,,,,,,,,,,,,,,,,,,,,,,,,,,,,,,,,,,,,,,,,,,,,,,,,,,,,,,,,,,,,,,,,,,,,,,548.3489754999999,548.3649617,548.3649617,548.3649617,548.3649617,550.6150429,1,1,2.235148999999865,None,550.6154084000001,550.6305428,550.6305428,550.6305428,550.6305428,550.8980505000001,,,,,,,,,,,,,,,,,,,,,,,,,,,,,,,,,,,,,,,,,,,,,,,RBDCW009_Run1,RBDCW009_Run1,2024-04-15_11h21.07.110,IAT_test,2023.2.2,59.95707073735137,2024-04-15 11h21.40.730375 -0400,
,,,1,,,,right,,,,,,,,Weak,Strong,Tough,,,,,,,,,,,,,,,,,,,,,,,0,11,11,7,,,,,551.9149413000001,,,,,,,,,,,,,,,,,,,,,,,,,,,,,,,,,,,,,,,,,551.8988896,551.9149413000001,551.9149413000001,552.3487014000001,5,0.41932020000012926,None,,,,,,,,,,,,,,,,,554.2650178,554.2813084999999,555.2814715999999,555.2647433999999,,,,,,,,,,,,,,,,,,,,,,,,,,,,,,,,,,,,,,,,,,,,,,,,,,,,,,,,,,,,,,,,,,,,,,,,,,,,,,,,,,,,,,,,,552.349106,552.3651176,552.3651176,552.3651176,552.3651176,553.9807557,1,1,1.600979999999936,None,553.9811702999999,553.9980036000001,553.9980036000001,553.9980036000001,553.9980036000001,554.2649981000001,,,,,,,,,,,,,,,,,,,,,,,,,,,,,,,,,,,,,,,,,,,,,,,RBDCW009_Run1,RBDCW009_Run1,2024-04-15_11h21.07.110,IAT_test,2023.2.2,59.95707073735137,2024-04-15 11h21.40.730375 -0400,
,,,2,,,,left,,,,,,,,Weak,Strong,Frail,,,,,,,,,,,,,,,,,,,,,,,0,12,12,1,,,,,555.2814715999999,,,,,,,,,,,,,,,,,,,,,,,,,,,,,,,,,,,,,,,,,555.2650715000001,555.2814715999999,555.2814715999999,555.3482123,5,0.05263439999998809,None,,,,,,,,,,,,,,,,,556.848055,556.8644955000001,,557.8482805,,,,,,,,,,,,,,,,,,,,,,,,,,,,,,,,,,,,,,,,,,,,,,,,,,,,,,,,,,,,,,,,,,,,,,,,,,,,,,,,,,,,,,,,,555.3485455000001,555.3645021000001,555.3645021000001,555.3645021000001,555.3645021000001,556.5649016000001,2,1,1.1972961999999825,None,556.5652782000001,556.5805879999999,556.5805879999999,556.5805879999999,556.5805879999999,556.8480374,,,,,,,,,,,,,,,,,,,,,,,,,,,,,,,,,,,,,,,,,,,,,,,RBDCW009_Run1,RBDCW009_Run1,2024-04-15_11h21.07.110,IAT_test,2023.2.2,59.95707073735137,2024-04-15 11h21.40.730375 -0400,
,,,1,,,,right,,,,,,,,Weak,Strong,Burly,,,,,,,,,,,,,,,,,,,,,,,0,13,13,10,,,,,557.8649194000001,,,,,,,,,,,,,,,,,,,,,,,,,,,,,,,,,,,,,,,,,557.848644,557.8649194000001,557.8649194000001,558.3488082,5,0.46971480000001975,None,,,,,,,,,,,,,,,,,561.1147304,561.1311311999999,,562.114962,,,,,,,,,,,,,,,,,,,,,,,,,,,,,,,,,,,,,,,,,,,,,,,,,,,,,,,,,,,,,,,,,,,,,,,,,,,,,,,,,,,,,,,,,558.3492167,558.3650073,558.3650073,558.3650073,558.3650073,560.8307768999999,1,1,2.45852960000002,None,560.8311999000001,560.8478162,560.8478162,560.8478162,560.8478162,561.1147088000001,,,,,,,,,,,,,,,,,,,,,,,,,,,,,,,,,,,,,,,,,,,,,,,RBDCW009_Run1,RBDCW009_Run1,2024-04-15_11h21.07.110,IAT_test,2023.2.2,59.95707073735137,2024-04-15 11h21.40.730375 -0400,
,,,2,,,,left,,,,,,,,Weak,Strong,Puny,,,,,,,,,,,,,,,,,,,,,,,0,14,14,5,,,,,562.1315112000001,,,,,,,,,,,,,,,,,,,,,,,,,,,,,,,,,,,,,,,,,562.1153333999999,562.1315112000001,562.1315112000001,562.3484423000001,5,0.20264720000000125,None,,,,,,,,,,,,,,,,,564.5978397,564.6143445000001,,565.5982566000001,,,,,,,,,,,,,,,,,,,,,,,,,,,,,,,,,,,,,,,,,,,,,,,,,,,,,,,,,,,,,,,,,,,,,,,,,,,,,,,,,,,,,,,,,562.3488005,562.3646172,562.3646172,562.3646172,562.3646172,564.3148287,1,0,1.9356748000000152,None,564.3152136,564.3304195,564.3304195,564.3304195,564.3304195,564.597821,,,,,,,,,,,,,,,,,,,,,,,,,,,,,,,,,,,,,,,,,,,,,,,RBDCW009_Run1,RBDCW009_Run1,2024-04-15_11h21.07.110,IAT_test,2023.2.2,59.95707073735137,2024-04-15 11h21.40.730375 -0400,
,,,1,,,,right,,,,,,,,Weak,Strong,Solid,,,,,,,,,,,,,,,,,,,,,,,0,15,15,8,,,,,565.6148845000001,,,,,,,,,,,,,,,,,,,,,,,,,,,,,,,,,,,,,,,,,565.5986463,565.6148845000001,565.6148845000001,566.3487454,5,0.7192883000000165,None,,,,,,,,,,,,,,,,,567.8645923,567.8816874,,568.8647167,,,,,,,,,,,,,,,,,,,,,,,,,,,,,,,,,,,,,,,,,,,,,,,,,,,,,,,,,,,,,,,,,,,,,,,,,,,,,,,,,,,,,,,,,566.3491691,566.3650518999999,566.3650518999999,566.3650518999999,566.3650518999999,567.5809009000001,1,1,1.2151830000000245,None,567.5814485,567.5979813,567.5979813,567.5979813,567.5979813,567.8645753,,,,,,,,,,,,,,,,,,,,,,,,,,,,,,,,,,,,,,,,,,,,,,,RBDCW009_Run1,RBDCW009_Run1,2024-04-15_11h21.07.110,IAT_test,2023.2.2,59.95707073735137,2024-04-15 11h21.40.730375 -0400,
,,,,,,,,,,,,,,,,,,,,,,,,,,,,,,,,,,,,,,,,,,,,,,,,,,,,,,,,,,,,,,,,,,,,,,,,,,,,,,,,,,,,,,,,,,,,,,,,,,,,,,,,,,,,,,,,,,,,,,,,,,,,,,,,,,,,,,,,,,,,,,,,,,,,,,,,,,,,,,,,,,,,,,,,,,,,,,,,,,,,,,,,,,,,,,,,,,,,,,,,,,,,,,,,,,,,,,,,,,,,,,,,568.8647847999999,568.8908855000001,568.8908855000001,568.8908855000001,568.8908855000001,568.8908855000001,568.8908855000001,568.8908855000001,568.8908855000001,572.9469560000001,1,4.051226099999894,None,,,,,,,,,,,,,,,,,,,,,,,,,,,,,,RBDCW009_Run1,RBDCW009_Run1,2024-04-15_11h21.07.110,IAT_test,2023.2.2,59.95707073735137,2024-04-15 11h21.40.730375 -0400,
,,,1,,,,right,,,,,,,6.7,,,,af00009_fg.png,wf00009_fg.png,IAT_image/blank.png,Weak,Strong,Strength,,,,,,,,,,,,,,,,,,,,,0,0,0,0,572.9653595999999,,,,,,,,,,,,,,,,,,,,,,,,,,,,,,,,,,,,,,,,,572.9636379,572.9653595999999,572.9653595999999,573.3484738000001,5,0.3688372999999956,None,,,,,,,,,,,,,,,,,,,,,,,,,,,,,,,,,,,,,,,,,,,,,,,,,,,,,,,,,,,,,,,,,,,,,,,,,,,,,,,,,,,,,,,575.5644585000001,575.5810465999999,582.2813675000001,582.2649842,,,,,,,,,,,,,,,,,,,,,,,,,,,,,,,,,,,,,,,,,,,,,,,,,,,,573.3492701000001,573.3846001999999,573.3846001999999,573.3846001999999,573.3846001999999,573.3846001999999,573.3846001999999,573.3846001999999,575.2648034,1,1,1.8635822999999618,None,575.2653394,575.2955835000001,575.2955835000001,575.2955835000001,575.2955835000001,575.2955835000001,575.2955835000001,575.2955835000001,575.5644421000001,,,,,,,,RBDCW009_Run1,RBDCW009_Run1,2024-04-15_11h21.07.110,IAT_test,2023.2.2,59.95707073735137,2024-04-15 11h21.40.730375 -0400,
,,,2,,,,left,,,,,,,5.7,,,,af00009_fg.png,wf00009_fg.png,IAT_image/blank.png,Weak,Strong,Frail,,,,,,,,,,,,,,,,,,,,,0,1,1,1,582.2813675000001,,,,,,,,,,,,,,,,,,,,,,,,,,,,,,,,,,,,,,,,,582.2653690999999,582.2813675000001,582.2813675000001,582.3484131000001,5,0.05320769999980257,None,,,,,,,,,,,,,,,,,,,,,,,,,,,,,,,,,,,,,,,,,,,,,,,,,,,,,,,,,,,,,,,,,,,,,,,,,,,,,,,,,,,,,,,584.0975062000001,584.1139061,589.8147752000001,589.7983330000001,,,,,,,,,,,,,,,,,,,,,,,,,,,,,,,,,,,,,,,,,,,,,,,,,,,,582.3487821,582.3679486,582.3679486,582.3679486,582.3679486,582.3679486,582.3679486,582.3679486,583.7978809,2,1,1.415439200000037,None,583.798195,583.8142116,583.8142116,583.8142116,583.8142116,583.8142116,583.8142116,583.8142116,584.0974938,584.1139061,584.1139061,584.1139061,584.1139061,584.1139061,584.1139061,584.1139061,RBDCW009_Run1,RBDCW009_Run1,2024-04-15_11h21.07.110,IAT_test,2023.2.2,59.95707073735137,2024-04-15 11h21.40.730375 -0400,
,,,1,,,,right,,,,,,,7.7,,,,af00009_fg.png,wf00009_fg.png,IAT_image/wm00003_fg.png,Weak,Strong, ,,,,,,,,,,,,,,,,,,,,,0,2,2,2,589.8147752000001,,,,,,,,,,,,,,,,,,,,,,,,,,,,,,,,,,,,,,,,,589.7987320000001,589.8147752000001,589.8147752000001,590.3490476999999,5,0.5196214999998574,None,,,,,,,,,,,,,,,,,,,,,,,,,,,,,,,,,,,,,,,,,,,,,,,,,,,,,,,,,,,,,,,,,,,,,,,,,,,,,,,,,,,,,,,592.7477339999999,592.7640781000001,600.4645687000001,600.4481834,,,,,,,,,,,,,,,,,,,,,,,,,,,,,,,,,,,,,,,,,,,,,,,,,,,,590.3495785000001,590.3711537,590.3711537,590.3711537,590.3711537,590.3711537,590.3711537,590.3711537,592.4646447000001,1,1,2.087568400000009,None,592.4649857999999,592.4810053,592.4810053,592.4810053,592.4810053,592.4810053,592.4810053,592.4810053,592.7477170000001,,,,,,,,RBDCW009_Run1,RBDCW009_Run1,2024-04-15_11h21.07.110,IAT_test,2023.2.2,59.95707073735137,2024-04-15 11h21.40.730375 -0400,
,,,2,,,,left,,,,,,,6.7,,,,af00009_fg.png,wf00009_fg.png,IAT_image/blank.png,Weak,Strong,Puny,,,,,,,,,,,,,,,,,,,,,0,3,3,3,600.4645687000001,,,,,,,,,,,,,,,,,,,,,,,,,,,,,,,,,,,,,,,,,600.4485539000001,600.4645687000001,600.4645687000001,601.3487245,5,0.8706652000000759,None,,,,,,,,,,,,,,,,,,,,,,,,,,,,,,,,,,,,,,,,,,,,,,,,,,,,,,,,,,,,,,,,,,,,,,,,,,,,,,,,,,,,,,,604.7311217,604.7476008,611.4478631000001,611.4313421,,,,,,,,,,,,,,,,,,,,,,,,,,,,,,,,,,,,,,,,,,,,,,,,,,,,601.3491977,601.3828090000001,601.3828090000001,601.3828090000001,601.3828090000001,601.3828090000001,601.3828090000001,601.3828090000001,604.447141,2,1,3.0483590000001186,None,604.4474999,604.4714938000001,604.4714938000001,604.4714938000001,604.4714938000001,604.4714938000001,604.4714938000001,604.4714938000001,604.7311036,,,,,,,,RBDCW009_Run1,RBDCW009_Run1,2024-04-15_11h21.07.110,IAT_test,2023.2.2,59.95707073735137,2024-04-15 11h21.40.730375 -0400,
,,,2,,,,left,,,,,,,6.7,,,,af00009_fg.png,wf00009_fg.png,IAT_image/af00002_fg.png,Weak,Strong, ,,,,,,,,,,,,,,,,,,,,,0,4,4,4,611.4478631000001,,,,,,,,,,,,,,,,,,,,,,,,,,,,,,,,,,,,,,,,,611.4317053000001,611.4478631000001,611.4478631000001,612.3483024000001,5,0.8878603999999086,None,,,,,,,,,,,,,,,,,,,,,,,,,,,,,,,,,,,,,,,,,,,,,,,,,,,,,,,,,,,,,,,,,,,,,,,,,,,,,,,,,,,,,,,614.8141291999999,614.8305041,621.5313615000001,621.5149068,,,,,,,,,,,,,,,,,,,,,,,,,,,,,,,,,,,,,,,,,,,,,,,,,,,,612.3487160999999,612.3664931,612.3664931,612.3664931,612.3664931,612.3664931,612.3664931,612.3664931,614.5301601,2,1,2.1580997999999454,None,614.5305347,614.5474303,614.5474303,614.5474303,614.5474303,614.5474303,614.5474303,614.5474303,614.8141138,,,,,,,,RBDCW009_Run1,RBDCW009_Run1,2024-04-15_11h21.07.110,IAT_test,2023.2.2,59.95707073735137,2024-04-15 11h21.40.730375 -0400,
,,,2,,,,left,,,,,,,6.7,,,,af00009_fg.png,wf00009_fg.png,IAT_image/af00001_fg.png,Weak,Strong, ,,,,,,,,,,,,,,,,,,,,,0,5,5,5,621.5313615000001,,,,,,,,,,,,,,,,,,,,,,,,,,,,,,,,,,,,,,,,,621.515344,621.5313615000001,621.5313615000001,622.3475319,5,0.8043623000000935,None,,,,,,,,,,,,,,,,,,,,,,,,,,,,,,,,,,,,,,,,,,,,,,,,,,,,,,,,,,,,,,,,,,,,,,,,,,,,,,,,,,,,,,,624.4976215,624.5142718999999,631.2146288,631.1982766,,,,,,,,,,,,,,,,,,,,,,,,,,,,,,,,,,,,,,,,,,,,,,,,,,,,622.3477495000001,622.3639774,622.3639774,622.3639774,622.3639774,622.3639774,622.3639774,622.3639774,624.2145478000001,1,0,1.8406645999998545,None,624.2149453000001,624.2321003999999,624.2321003999999,624.2321003999999,624.2321003999999,624.2321003999999,624.2321003999999,624.2321003999999,624.4976031,,,,,,,,RBDCW009_Run1,RBDCW009_Run1,2024-04-15_11h21.07.110,IAT_test,2023.2.2,59.95707073735137,2024-04-15 11h21.40.730375 -0400,
,,,1,,,,right,,,,,,,7.7,,,,af00009_fg.png,wf00009_fg.png,IAT_image/blank.png,Weak,Strong,Tough,,,,,,,,,,,,,,,,,,,,,0,6,6,6,631.2146288,,,,,,,,,,,,,,,,,,,,,,,,,,,,,,,,,,,,,,,,,631.1987891,631.2146288,631.2146288,631.3477376,5,0.1212198000000626,None,,,,,,,,,,,,,,,,,,,,,,,,,,,,,,,,,,,,,,,,,,,,,,,,,,,,,,,,,,,,,,,,,,,,,,,,,,,,,,,,,,,,,,,633.0977682000001,633.1141104,640.8145525000001,640.7980510000001,,,,,,,,,,,,,,,,,,,,,,,,,,,,,,,,,,,,,,,,,,,,,,,,,,,,631.3479470000001,631.3675830999999,631.3675830999999,631.3675830999999,631.3675830999999,631.3675830999999,631.3675830999999,631.3675830999999,632.7976539,1,1,1.4267363999999816,None,632.7979795,632.8246292,632.8246292,632.8246292,632.8246292,632.8246292,632.8246292,632.8246292,633.0977483,,,,,,,,RBDCW009_Run1,RBDCW009_Run1,2024-04-15_11h21.07.110,IAT_test,2023.2.2,59.95707073735137,2024-04-15 11h21.40.730375 -0400,
,,,1,,,,right,,,,,,,7.7,,,,af00009_fg.png,wf00009_fg.png,IAT_image/wm00001_fg.png,Weak,Strong, ,,,,,,,,,,,,,,,,,,,,,0,7,7,7,640.8145525000001,,,,,,,,,,,,,,,,,,,,,,,,,,,,,,,,,,,,,,,,,640.7984662,640.8145525000001,640.8145525000001,641.3487898,5,0.5211710000000949,None,,,,,,,,,,,,,,,,,,,,,,,,,,,,,,,,,,,,,,,,,,,,,,,,,,,,,,,,,,,,,,,,,,,,,,,,,,,,,,,,,,,,,,,643.397063,643.4136993000001,651.1136,651.0978509,,,,,,,,,,,,,,,,,,,,,,,,,,,,,,,,,,,,,,,,,,,,,,,,,,,,641.3493664000001,641.3715424000001,641.3715424000001,641.3715424000001,641.3715424000001,641.3715424000001,641.3715424000001,641.3715424000001,643.0974638000001,1,1,1.7256605000000036,None,643.0978372999999,643.1150058,643.1150058,643.1150058,643.1150058,643.1150058,643.1150058,643.1150058,643.3970466,,,,,,,,RBDCW009_Run1,RBDCW009_Run1,2024-04-15_11h21.07.110,IAT_test,2023.2.2,59.95707073735137,2024-04-15 11h21.40.730375 -0400,
,,,2,,,,left,,,,,,,5.7,,,,af00009_fg.png,wf00009_fg.png,IAT_image/blank.png,Weak,Strong,Feeble,,,,,,,,,,,,,,,,,,,,,0,8,8,8,651.1136,,,,,,,,,,,,,,,,,,,,,,,,,,,,,,,,,,,,,,,,,651.0982712000001,651.1136,651.1136,651.3479298000001,5,0.22179929999992964,None,,,,,,,,,,,,,,,,,,,,,,,,,,,,,,,,,,,,,,,,,,,,,,,,,,,,,,,,,,,,,,,,,,,,,,,,,,,,,,,,,,,,,,,653.0805024,653.0969699000001,658.7976273,658.7811330000001,,,,,,,,,,,,,,,,,,,,,,,,,,,,,,,,,,,,,,,,,,,,,,,,,,,,651.3483537000001,651.3800170000001,651.3800170000001,651.3800170000001,651.3800170000001,651.3800170000001,651.3800170000001,651.3800170000001,652.7963166999999,2,1,1.4121398999998291,None,652.7966113000001,652.8207854999999,652.8207854999999,652.8207854999999,652.8207854999999,652.8207854999999,652.8207854999999,652.8207854999999,653.080486,,,,,,,,RBDCW009_Run1,RBDCW009_Run1,2024-04-15_11h21.07.110,IAT_test,2023.2.2,59.95707073735137,2024-04-15 11h21.40.730375 -0400,
,,,2,,,,left,,,,,,,8.7,,,,af00009_fg.png,wf00009_fg.png,IAT_image/af00009_fg.png,Weak,Strong, ,,,,,,,,,,,,,,,,,,,,,0,9,9,9,658.7976273,,,,,,,,,,,,,,,,,,,,,,,,,,,,,,,,,,,,,,,,,658.7815928000001,658.7976273,658.7976273,659.0314644000001,5,0.23008920000006583,None,,,,,,,,,,,,,,,,,,,,,,,,,,,,,,,,,,,,,,,,,,,,,,,,,,,,,,,,,,,,,,,,,,,,,,,,,,,,,,,,,,,,,,,660.9805548,660.997084,669.6975543,669.6811983000001,,,,,,,,,,,,,,,,,,,,,,,,,,,,,,,,,,,,,,,,,,,,,,,,,,,,659.0319123,659.0514993,659.0514993,659.0514993,659.0514993,659.0514993,659.0514993,659.0514993,660.6973612,2,1,1.6295783000000483,None,660.6976799,660.7128491,660.7128491,660.7128491,660.7128491,660.7128491,660.7128491,660.7128491,660.980539,,,,,,,,RBDCW009_Run1,RBDCW009_Run1,2024-04-15_11h21.07.110,IAT_test,2023.2.2,59.95707073735137,2024-04-15 11h21.40.730375 -0400,
,,,2,,,,left,,,,,,,5.7,,,,af00009_fg.png,wf00009_fg.png,IAT_image/blank.png,Weak,Strong,Skinny,,,,,,,,,,,,,,,,,,,,,0,10,10,10,669.6975543,,,,,,,,,,,,,,,,,,,,,,,,,,,,,,,,,,,,,,,,,669.6816083,669.6975543,669.6975543,670.3479539000001,5,0.6380725000001348,None,,,,,,,,,,,,,,,,,,,,,,,,,,,,,,,,,,,,,,,,,,,,,,,,,,,,,,,,,,,,,,,,,,,,,,,,,,,,,,,,,,,,,,,671.6471825,671.6637572999999,677.3639690000001,677.3478553000001,,,,,,,,,,,,,,,,,,,,,,,,,,,,,,,,,,,,,,,,,,,,,,,,,,,,670.3483599,670.3793565,670.3793565,670.3793565,670.3793565,670.3793565,670.3793565,670.3793565,671.3472866999999,2,1,0.9642542999999932,None,671.3476117000001,671.3735708,671.3735708,671.3735708,671.3735708,671.3735708,671.3735708,671.3735708,671.6471669000001,,,,,,,,RBDCW009_Run1,RBDCW009_Run1,2024-04-15_11h21.07.110,IAT_test,2023.2.2,59.95707073735137,2024-04-15 11h21.40.730375 -0400,
,,,2,,,,left,,,,,,,5.7,,,,af00009_fg.png,wf00009_fg.png,IAT_image/blank.png,Weak,Strong,Soft,,,,,,,,,,,,,,,,,,,,,0,11,11,11,677.3639690000001,,,,,,,,,,,,,,,,,,,,,,,,,,,,,,,,,,,,,,,,,677.3482734,677.3639690000001,677.3639690000001,679.0645713,5,1.6884393000000273,None,,,,,,,,,,,,,,,,,,,,,,,,,,,,,,,,,,,,,,,,,,,,,,,,,,,,,,,,,,,,,,,,,,,,,,,,,,,,,,,,,,,,,,,680.6803432,680.6969596,686.3972333,686.3809528,,,,,,,,,,,,,,,,,,,,,,,,,,,,,,,,,,,,,,,,,,,,,,,,,,,,679.0649776000001,679.0847311000001,679.0847311000001,679.0847311000001,679.0847311000001,679.0847311000001,679.0847311000001,679.0847311000001,680.3963977,2,1,1.3064684000000852,None,680.3967862999999,680.4131393000001,680.4131393000001,680.4131393000001,680.4131393000001,680.4131393000001,680.4131393000001,680.4131393000001,680.6803279,,,,,,,,RBDCW009_Run1,RBDCW009_Run1,2024-04-15_11h21.07.110,IAT_test,2023.2.2,59.95707073735137,2024-04-15 11h21.40.730375 -0400,
,,,2,,,,left,,,,,,,5.7,,,,af00009_fg.png,wf00009_fg.png,IAT_image/blank.png,Weak,Strong,Fragile,,,,,,,,,,,,,,,,,,,,,0,12,12,12,686.3972333,,,,,,,,,,,,,,,,,,,,,,,,,,,,,,,,,,,,,,,,,686.3813371,686.3972333,686.3972333,687.3479252000001,5,0.9384434999999485,None,,,,,,,,,,,,,,,,,,,,,,,,,,,,,,,,,,,,,,,,,,,,,,,,,,,,,,,,,,,,,,,,,,,,,,,,,,,,,,,,,,,,,,,688.697029,688.7134614,694.4140987,694.3977129000001,,,,,,,,,,,,,,,,,,,,,,,,,,,,,,,,,,,,,,,,,,,,,,,,,,,,687.3483460000001,687.3684521000001,687.3684521000001,687.3684521000001,687.3684521000001,687.3684521000001,687.3684521000001,687.3684521000001,688.3970779,2,1,1.0139152999997805,None,688.3974018,688.4143865,688.4143865,688.4143865,688.4143865,688.4143865,688.4143865,688.4143865,688.697014,688.7134614,688.7134614,688.7134614,688.7134614,688.7134614,688.7134614,688.7134614,RBDCW009_Run1,RBDCW009_Run1,2024-04-15_11h21.07.110,IAT_test,2023.2.2,59.95707073735137,2024-04-15 11h21.40.730375 -0400,
,,,1,,,,right,,,,,,,6.7,,,,af00009_fg.png,wf00009_fg.png,IAT_image/blank.png,Weak,Strong,Brawny,,,,,,,,,,,,,,,,,,,,,0,13,13,13,694.4140987,,,,,,,,,,,,,,,,,,,,,,,,,,,,,,,,,,,,,,,,,694.3981677,694.4140987,694.4140987,695.3481891,5,0.921058500000072,None,,,,,,,,,,,,,,,,,,,,,,,,,,,,,,,,,,,,,,,,,,,,,,,,,,,,,,,,,,,,,,,,,,,,,,,,,,,,,,,,,,,,,,,697.5970801,697.6133314,704.3142017000001,704.2978483,,,,,,,,,,,,,,,,,,,,,,,,,,,,,,,,,,,,,,,,,,,,,,,,,,,,695.3486859999999,695.3710062000001,695.3710062000001,695.3710062000001,695.3710062000001,695.3710062000001,695.3710062000001,695.3710062000001,697.297326,1,1,1.9111219999999776,None,697.2977004,697.3158219000001,697.3158219000001,697.3158219000001,697.3158219000001,697.3158219000001,697.3158219000001,697.3158219000001,697.5970635,,,,,,,,RBDCW009_Run1,RBDCW009_Run1,2024-04-15_11h21.07.110,IAT_test,2023.2.2,59.95707073735137,2024-04-15 11h21.40.730375 -0400,
,,,1,,,,right,,,,,,,6.7,,,,af00009_fg.png,wf00009_fg.png,IAT_image/wf00004_fg.png,Weak,Strong, ,,,,,,,,,,,,,,,,,,,,,0,14,14,14,704.3142017000001,,,,,,,,,,,,,,,,,,,,,,,,,,,,,,,,,,,,,,,,,704.2983370000001,704.3142017000001,704.3142017000001,704.3479426,5,0.021769200000107958,None,,,,,,,,,,,,,,,,,,,,,,,,,,,,,,,,,,,,,,,,,,,,,,,,,,,,,,,,,,,,,,,,,,,,,,,,,,,,,,,,,,,,,,,706.9634847000001,706.9803467,713.6800827999999,713.6642961000001,,,,,,,,,,,,,,,,,,,,,,,,,,,,,,,,,,,,,,,,,,,,,,,,,,,,704.3484159999999,704.3681631999999,704.3681631999999,704.3681631999999,704.3681631999999,704.3681631999999,704.3681631999999,704.3681631999999,706.6794358999999,1,1,2.2989486000001307,None,706.6797623000001,706.6965867,706.6965867,706.6965867,706.6965867,706.6965867,706.6965867,706.6965867,706.9634694,,,,,,,,RBDCW009_Run1,RBDCW009_Run1,2024-04-15_11h21.07.110,IAT_test,2023.2.2,59.95707073735137,2024-04-15 11h21.40.730375 -0400,
,,,2,,,,left,,,,,,,5.7,,,,af00009_fg.png,wf00009_fg.png,IAT_image/blank.png,Weak,Strong,Delicate,,,,,,,,,,,,,,,,,,,,,0,15,15,15,713.6800827999999,,,,,,,,,,,,,,,,,,,,,,,,,,,,,,,,,,,,,,,,,713.6647879000001,713.6800827999999,713.6800827999999,714.3475199000001,5,0.656430200000159,None,,,,,,,,,,,,,,,,,,,,,,,,,,,,,,,,,,,,,,,,,,,,,,,,,,,,,,,,,,,,,,,,,,,,,,,,,,,,,,,,,,,,,,,715.7635228,715.7799775,721.4802811999999,721.4641045,,,,,,,,,,,,,,,,,,,,,,,,,,,,,,,,,,,,,,,,,,,,,,,,,,,,714.3479459000001,714.3803171000001,714.3803171000001,714.3803171000001,714.3803171000001,714.3803171000001,714.3803171000001,714.3803171000001,715.4804151,2,1,1.090337899999895,None,715.4807368,715.5052033000001,715.5052033000001,715.5052033000001,715.5052033000001,715.5052033000001,715.5052033000001,715.5052033000001,715.7635068000001,,,,,,,,RBDCW009_Run1,RBDCW009_Run1,2024-04-15_11h21.07.110,IAT_test,2023.2.2,59.95707073735137,2024-04-15 11h21.40.730375 -0400,
,,,1,,,,right,,,,,,,5.7,,,,af00009_fg.png,wf00009_fg.png,IAT_image/wf00009_fg.png,Weak,Strong, ,,,,,,,,,,,,,,,,,,,,,0,16,16,16,721.4802811999999,,,,,,,,,,,,,,,,,,,,,,,,,,,,,,,,,,,,,,,,,721.4644890999999,721.4802811999999,721.4802811999999,722.3484681000001,5,0.8554781000000276,None,,,,,,,,,,,,,,,,,,,,,,,,,,,,,,,,,,,,,,,,,,,,,,,,,,,,,,,,,,,,,,,,,,,,,,,,,,,,,,,,,,,,,,,724.113487,724.1299496,729.8301677999999,729.8137247999999,,,,,,,,,,,,,,,,,,,,,,,,,,,,,,,,,,,,,,,,,,,,,,,,,,,,722.3490765,722.3710646999999,722.3710646999999,722.3710646999999,722.3710646999999,722.3710646999999,722.3710646999999,722.3710646999999,723.8297014999999,1,1,1.455182700000023,None,723.8301431000001,723.8471331,723.8471331,723.8471331,723.8471331,723.8471331,723.8471331,723.8471331,724.1134715,,,,,,,,RBDCW009_Run1,RBDCW009_Run1,2024-04-15_11h21.07.110,IAT_test,2023.2.2,59.95707073735137,2024-04-15 11h21.40.730375 -0400,
,,,2,,,,left,,,,,,,5.7,,,,af00009_fg.png,wf00009_fg.png,IAT_image/am00011_fg.png,Weak,Strong, ,,,,,,,,,,,,,,,,,,,,,0,17,17,17,729.8301677999999,,,,,,,,,,,,,,,,,,,,,,,,,,,,,,,,,,,,,,,,,729.8141433,729.8301677999999,729.8301677999999,730.3475099999999,5,0.5064228999999614,None,,,,,,,,,,,,,,,,,,,,,,,,,,,,,,,,,,,,,,,,,,,,,,,,,,,,,,,,,,,,,,,,,,,,,,,,,,,,,,,,,,,,,,,732.5633673000001,732.5801537000001,738.2808953,738.2641662,,,,,,,,,,,,,,,,,,,,,,,,,,,,,,,,,,,,,,,,,,,,,,,,,,,,730.3479142,730.3648506000001,730.3648506000001,730.3648506000001,730.3648506000001,730.3648506000001,730.3648506000001,730.3648506000001,732.2792724,1,0,1.9137024999999994,None,732.2796181,732.2963755,732.2963755,732.2963755,732.2963755,732.2963755,732.2963755,732.2963755,732.5633498999999,,,,,,,,RBDCW009_Run1,RBDCW009_Run1,2024-04-15_11h21.07.110,IAT_test,2023.2.2,59.95707073735137,2024-04-15 11h21.40.730375 -0400,
,,,2,,,,left,,,,,,,7.7,,,,af00009_fg.png,wf00009_fg.png,IAT_image/blank.png,Weak,Strong,Sedentary,,,,,,,,,,,,,,,,,,,,,0,18,18,18,738.2808953,,,,,,,,,,,,,,,,,,,,,,,,,,,,,,,,,,,,,,,,,738.2646692,738.2808953,738.2808953,738.3478341000001,5,0.054618699999991804,None,,,,,,,,,,,,,,,,,,,,,,,,,,,,,,,,,,,,,,,,,,,,,,,,,,,,,,,,,,,,,,,,,,,,,,,,,,,,,,,,,,,,,,,740.7799007,740.7965857,748.4968743000001,748.4805210000001,,,,,,,,,,,,,,,,,,,,,,,,,,,,,,,,,,,,,,,,,,,,,,,,,,,,738.3483333,738.3804071000001,738.3804071000001,738.3804071000001,738.3804071000001,738.3804071000001,738.3804071000001,738.3804071000001,740.4962462,2,1,2.099736200000052,None,740.4967164999999,740.5250791,740.5250791,740.5250791,740.5250791,740.5250791,740.5250791,740.5250791,740.7798851000001,,,,,,,,RBDCW009_Run1,RBDCW009_Run1,2024-04-15_11h21.07.110,IAT_test,2023.2.2,59.95707073735137,2024-04-15 11h21.40.730375 -0400,
,,,1,,,,right,,,,,,,6.7,,,,af00009_fg.png,wf00009_fg.png,IAT_image/blank.png,Weak,Strong,Muscly,,,,,,,,,,,,,,,,,,,,,0,19,19,19,748.4968743000001,,,,,,,,,,,,,,,,,,,,,,,,,,,,,,,,,,,,,,,,,748.4809084,748.4968743000001,748.4968743000001,749.0972551000001,5,0.5923525000000609,None,,,,,,,,,,,,,,,,,,,,,,,,,,,,,,,,,,,,,,,,,,,,,,,,,,,,,,,,,,,,,,,,,,,,,,,,,,,,,,,,,,,,,,,750.4966430000001,750.5131847000001,757.2135690000001,757.1972032,,,,,,,,,,,,,,,,,,,,,,,,,,,,,,,,,,,,,,,,,,,,,,,,,,,,749.0976299,749.1159815,749.1159815,749.1159815,749.1159815,749.1159815,749.1159815,749.1159815,750.2135251000001,1,1,1.0894576000000598,None,750.2138576000001,750.2312258999999,750.2312258999999,750.2312258999999,750.2312258999999,750.2312258999999,750.2312258999999,750.2312258999999,750.4966254,,,,,,,,RBDCW009_Run1,RBDCW009_Run1,2024-04-15_11h21.07.110,IAT_test,2023.2.2,59.95707073735137,2024-04-15 11h21.40.730375 -0400,
,,,1,,,,right,,,,,,,6.7,,,,af00009_fg.png,wf00009_fg.png,IAT_image/wm00012_fg.png,Weak,Strong, ,,,,,,,,,,,,,,,,,,,,,0,20,20,20,757.2135690000001,,,,,,,,,,,,,,,,,,,,,,,,,,,,,,,,,,,,,,,,,757.1975888000001,757.2135690000001,757.2135690000001,757.3469635,5,0.12192800000002535,None,,,,,,,,,,,,,,,,,,,,,,,,,,,,,,,,,,,,,,,,,,,,,,,,,,,,,,,,,,,,,,,,,,,,,,,,,,,,,,,,,,,,,,,759.1965837000001,759.2133431999999,765.9135267,765.8970898000001,,,,,,,,,,,,,,,,,,,,,,,,,,,,,,,,,,,,,,,,,,,,,,,,,,,,757.3473333000001,757.3638829,757.3638829,757.3638829,757.3638829,757.3638829,757.3638829,757.3638829,758.9134439000001,1,1,1.5342607000000044,None,758.9137759000001,758.9290947999999,758.9290947999999,758.9290947999999,758.9290947999999,758.9290947999999,758.9290947999999,758.9290947999999,759.1965667999999,,,,,,,,RBDCW009_Run1,RBDCW009_Run1,2024-04-15_11h21.07.110,IAT_test,2023.2.2,59.95707073735137,2024-04-15 11h21.40.730375 -0400,
,,,1,,,,right,,,,,,,6.7,,,,af00009_fg.png,wf00009_fg.png,IAT_image/blank.png,Weak,Strong,Burly,,,,,,,,,,,,,,,,,,,,,0,21,21,21,765.9135267,,,,,,,,,,,,,,,,,,,,,,,,,,,,,,,,,,,,,,,,,765.8974781999999,765.9135267,765.9135267,766.3470607,5,0.42264000000000124,None,,,,,,,,,,,,,,,,,,,,,,,,,,,,,,,,,,,,,,,,,,,,,,,,,,,,,,,,,,,,,,,,,,,,,,,,,,,,,,,,,,,,,,,769.5629405999999,769.5797754000001,776.2801683000001,776.2634962999999,,,,,,,,,,,,,,,,,,,,,,,,,,,,,,,,,,,,,,,,,,,,,,,,,,,,766.3474322999999,766.3773324,766.3773324,766.3773324,766.3773324,766.3773324,766.3773324,766.3773324,769.2791356000001,1,1,2.8878067000000556,None,769.2795504,769.3067380000001,769.3067380000001,769.3067380000001,769.3067380000001,769.3067380000001,769.3067380000001,769.3067380000001,769.5629241,,,,,,,,RBDCW009_Run1,RBDCW009_Run1,2024-04-15_11h21.07.110,IAT_test,2023.2.2,59.95707073735137,2024-04-15 11h21.40.730375 -0400,
,,,2,,,,left,,,,,,,7.7,,,,af00009_fg.png,wf00009_fg.png,IAT_image/am00003_fg.png,Weak,Strong, ,,,,,,,,,,,,,,,,,,,,,0,22,22,22,776.2801683000001,,,,,,,,,,,,,,,,,,,,,,,,,,,,,,,,,,,,,,,,,776.2638651999999,776.2801683000001,776.2801683000001,776.3470306,5,0.05595960000005107,None,,,,,,,,,,,,,,,,,,,,,,,,,,,,,,,,,,,,,,,,,,,,,,,,,,,,,,,,,,,,,,,,,,,,,,,,,,,,,,,,,,,,,,,777.8462771999999,777.8628037,785.5634091999999,785.5468391,,,,,,,,,,,,,,,,,,,,,,,,,,,,,,,,,,,,,,,,,,,,,,,,,,,,776.3473917,776.3640128000001,776.3640128000001,776.3640128000001,776.3640128000001,776.3640128000001,776.3640128000001,776.3640128000001,777.5630903,1,0,1.1871482999999898,None,777.5634152000001,777.579143,777.579143,777.579143,777.579143,777.579143,777.579143,777.579143,777.8462612,,,,,,,,RBDCW009_Run1,RBDCW009_Run1,2024-04-15_11h21.07.110,IAT_test,2023.2.2,59.95707073735137,2024-04-15 11h21.40.730375 -0400,
,,,1,,,,right,,,,,,,6.7,,,,af00009_fg.png,wf00009_fg.png,IAT_image/blank.png,Weak,Strong,Athletic,,,,,,,,,,,,,,,,,,,,,0,23,23,23,785.5634091999999,,,,,,,,,,,,,,,,,,,,,,,,,,,,,,,,,,,,,,,,,785.5472232000001,785.5634091999999,785.5634091999999,786.3469587000001,5,0.7719959000000927,None,,,,,,,,,,,,,,,,,,,,,,,,,,,,,,,,,,,,,,,,,,,,,,,,,,,,,,,,,,,,,,,,,,,,,,,,,,,,,,,,,,,,,,,787.8131139999999,787.8295208999999,794.5299974999999,794.5135363,,,,,,,,,,,,,,,,,,,,,,,,,,,,,,,,,,,,,,,,,,,,,,,,,,,,786.3473221,786.3757709,786.3757709,786.3757709,786.3757709,786.3757709,786.3757709,786.3757709,787.5291490000001,1,1,1.1383779000000231,None,787.5295239999999,787.5532294999999,787.5532294999999,787.5532294999999,787.5532294999999,787.5532294999999,787.5532294999999,787.5532294999999,787.8130984000001,,,,,,,,RBDCW009_Run1,RBDCW009_Run1,2024-04-15_11h21.07.110,IAT_test,2023.2.2,59.95707073735137,2024-04-15 11h21.40.730375 -0400,
,,,1,,,,right,,,,,,,6.7,,,,af00009_fg.png,wf00009_fg.png,IAT_image/blank.png,Weak,Strong,Solid,,,,,,,,,,,,,,,,,,,,,0,24,24,24,794.5299974999999,,,,,,,,,,,,,,,,,,,,,,,,,,,,,,,,,,,,,,,,,794.5139133000001,794.5299974999999,794.5299974999999,795.3478337,5,0.8053526999999576,None,,,,,,,,,,,,,,,,,,,,,,,,,,,,,,,,,,,,,,,,,,,,,,,,,,,,,,,,,,,,,,,,,,,,,,,,,,,,,,,,,,,,,,,797.4964206999999,797.5127971999999,804.2132453,804.1968347999999,,,,,,,,,,,,,,,,,,,,,,,,,,,,,,,,,,,,,,,,,,,,,,,,,,,,795.3484285000001,795.3731451,795.3731451,795.3731451,795.3731451,795.3731451,795.3731451,795.3731451,797.2129001,1,1,1.8279525000000376,None,797.2132017,797.2454905999999,797.2454905999999,797.2454905999999,797.2454905999999,797.2454905999999,797.2454905999999,797.2454905999999,797.4964047,,,,,,,,RBDCW009_Run1,RBDCW009_Run1,2024-04-15_11h21.07.110,IAT_test,2023.2.2,59.95707073735137,2024-04-15 11h21.40.730375 -0400,
,,,1,,,,right,,,,,,,8.7,,,,af00009_fg.png,wf00009_fg.png,IAT_image/wf00006_fg.png,Weak,Strong, ,,,,,,,,,,,,,,,,,,,,,0,25,25,25,804.2132453,,,,,,,,,,,,,,,,,,,,,,,,,,,,,,,,,,,,,,,,,804.1972215,804.2132453,804.2132453,804.3466687000001,5,0.1230352000000039,None,,,,,,,,,,,,,,,,,,,,,,,,,,,,,,,,,,,,,,,,,,,,,,,,,,,,,,,,,,,,,,,,,,,,,,,,,,,,,,,,,,,,,,,806.7630849999999,806.779688,815.4797901999999,815.4633559,,,,,,,,,,,,,,,,,,,,,,,,,,,,,,,,,,,,,,,,,,,,,,,,,,,,804.34704,804.3635863000001,804.3635863000001,804.3635863000001,804.3635863000001,804.3635863000001,804.3635863000001,804.3635863000001,806.4791415999999,2,0,2.1150473000000147,None,806.4794671000001,806.4960668,806.4960668,806.4960668,806.4960668,806.4960668,806.4960668,806.4960668,806.7630694000001,,,,,,,,RBDCW009_Run1,RBDCW009_Run1,2024-04-15_11h21.07.110,IAT_test,2023.2.2,59.95707073735137,2024-04-15 11h21.40.730375 -0400,
,,,2,,,,left,,,,,,,6.7,,,,af00009_fg.png,wf00009_fg.png,IAT_image/am00008_fg.png,Weak,Strong, ,,,,,,,,,,,,,,,,,,,,,0,26,26,26,815.4797901999999,,,,,,,,,,,,,,,,,,,,,,,,,,,,,,,,,,,,,,,,,815.4637257,815.4797901999999,815.4797901999999,816.3473581,5,0.8556922999998733,None,,,,,,,,,,,,,,,,,,,,,,,,,,,,,,,,,,,,,,,,,,,,,,,,,,,,,,,,,,,,,,,,,,,,,,,,,,,,,,,,,,,,,,,821.1628675999999,821.1791614,827.8802875,827.8638604000001,,,,,,,,,,,,,,,,,,,,,,,,,,,,,,,,,,,,,,,,,,,,,,,,,,,,816.3478598,816.3651722999999,816.3651722999999,816.3651722999999,816.3651722999999,816.3651722999999,816.3651722999999,816.3651722999999,820.8789551000001,1,0,4.500950000000103,None,820.8793137000001,820.8959633999999,820.8959633999999,820.8959633999999,820.8959633999999,820.8959633999999,820.8959633999999,820.8959633999999,821.1628512000001,,,,,,,,RBDCW009_Run1,RBDCW009_Run1,2024-04-15_11h21.07.110,IAT_test,2023.2.2,59.95707073735137,2024-04-15 11h21.40.730375 -0400,
,,,1,,,,right,,,,,,,5.7,,,,af00009_fg.png,wf00009_fg.png,IAT_image/blank.png,Weak,Strong,Powerful,,,,,,,,,,,,,,,,,,,,,0,27,27,27,827.8802875,,,,,,,,,,,,,,,,,,,,,,,,,,,,,,,,,,,,,,,,,827.8643642999999,827.8802875,827.8802875,828.346838,5,0.4560981999998148,None,,,,,,,,,,,,,,,,,,,,,,,,,,,,,,,,,,,,,,,,,,,,,,,,,,,,,,,,,,,,,,,,,,,,,,,,,,,,,,,,,,,,,,,830.5126612,830.5294345000001,836.2294975000001,836.2131059,,,,,,,,,,,,,,,,,,,,,,,,,,,,,,,,,,,,,,,,,,,,,,,,,,,,828.3472619,828.3788304999999,828.3788304999999,828.3788304999999,828.3788304999999,828.3788304999999,828.3788304999999,828.3788304999999,830.2295286,1,1,1.837684999999965,None,830.2298443999999,830.2540981000001,830.2540981000001,830.2540981000001,830.2540981000001,830.2540981000001,830.2540981000001,830.2540981000001,830.5126445,,,,,,,,RBDCW009_Run1,RBDCW009_Run1,2024-04-15_11h21.07.110,IAT_test,2023.2.2,59.95707073735137,2024-04-15 11h21.40.730375 -0400,
,,,,,,,,,,,,,,,,,,,,,,,,,,,,,,,,,,,,,,,,,,,,,,,,,,,,,,,,,836.2131908,836.2294975000001,836.2294975000001,836.3465589000001,5,0.10678899999993519,None,,,,,,,,,,,,,,,,,,,,,,,,,,,,,,,,,,,,,,,,,,,,,,,,,,,,,,,,,,,,,,,,,,,,,,,,,,,,,,,,,,,,,,,,,,,,,,,,,,,,,,,,,,,,,,,,,,,,,,,,,,,,,,,,,,,,,,,,,,,,,,,,,,,,,,,,,,,,,,,,,,,,,,,,,,,,,,,,,,,,,,,,,,,,,,,,,,,,,,,,,,,RBDCW009_Run1,RBDCW009_Run1,2024-04-15_11h21.07.110,IAT_test,2023.2.2,59.95707073735137,2024-04-15 11h21.40.730375 -0400,
,,,,,,,,,,,,,,,,,,,,,,,,,,,,,,,,,,,,,,,,,,,,,,,,,,,,,,,,,,,,,,,,836.3465914,836.3629313,,852.3468075,,,,,,,,,,,,,,,,,,,,,,,,,,,,,,,,,,,,,,,,,,,,,,,,,,,,,,,,,,,,,,,,,,,,,,,,,,,,,,,,,,,,,,,,,,,,,,,,,,,,,,,,,,,,,,,,,,,,,,,,,,,,,,,,,,,,,,,,,,,,,,,,,,,,,,,,,,,,,,,,,,,,,,,,,,,,,,,,,,,,,,,,,,,,,,,,,,,,,,,,,,,,,,
